NAME	SYMBOL	TITLE	RANK IN GENE LIST	RANK METRIC SCORE	RUNNING ES	CORE ENRICHMENT	
row_0	Epha5	NA	19	1.0259227752685547	0.1697172	Yes	
row_1	Adra2c	NA	74	0.5777063369750977	0.22050786	Yes	
row_2	Pde6b	NA	87	0.5528908967971802	0.31015137	Yes	
row_3	Htr1d	NA	131	0.45558518171310425	0.34977618	Yes	
row_4	Sncb	NA	172	0.32010582089424133	0.36749652	Yes	
row_5	Sptbn2	NA	317	0.046498000621795654	0.22716498	No	
row_6	Sidt1	NA	443	-0.09336468577384949	0.11513254	No	
row_7	Nos1	NA	451	-0.10092394798994064	0.12652227	No	
row_8	Arpp21	NA	528	-0.1658879667520523	0.07854841	No	
row_9	Kcnq2	NA	537	-0.17639169096946716	0.10283391	No	
row_10	Ryr2	NA	578	-0.2176235020160675	0.101637974	No	
row_11	Slc30a3	NA	588	-0.2279728502035141	0.13441025	No	
row_12	Tgm1	NA	697	-0.3404923975467682	0.08557296	No	
row_13	Cldn8	NA	837	-0.5342496037483215	0.040441614	No	
row_14	Dlk2	NA	862	-0.5820675492286682	0.123061046	No	
