NAME	TITLE	SCORE	
Gm13543	NA	2.894146	
Igha	NA	2.262084	
Unc5cl	NA	1.5859789	
Spib	NA	1.5761138	
Gm10544	NA	1.4554281	
Igkc	NA	1.4305594	
Jchain	NA	1.4079695	
Arxes1	NA	1.386496	
Tmem232	NA	1.373452	
Gm10518	NA	1.3365389	
Pram1	NA	1.2752882	
Lrrc38	NA	1.251997	
1500017E21Rik	NA	1.2255602	
Prg2	NA	1.1609645	
Gng13	NA	1.0855418	
Pou2af1	NA	1.081237	
Poc1a	NA	1.0750251	
Wscd2	NA	1.0593182	
Sec1	NA	1.0570999	
Epha5	NA	1.0259228	
Zfp385b	NA	1.0199765	
Ighg2b	NA	0.9963094	
Mzb1	NA	0.99337065	
Baalc	NA	0.9750517	
Cst6	NA	0.9715173	
Robo2	NA	0.9301792	
Hs3st6	NA	0.9290119	
Pard6b	NA	0.91715723	
Ighm	NA	0.89692813	
Rpl29	NA	0.89627147	
Gm37931	NA	0.87238806	
Lrrc17	NA	0.85780805	
Gm18588	NA	0.83930147	
RP23-382I10.2	NA	0.8385859	
Gcnt4	NA	0.8234434	
Tac1	NA	0.8061604	
Trim63	NA	0.7646016	
A330009N23Rik	NA	0.7630565	
Tnfaip8l3	NA	0.7441675	
Scn5a	NA	0.73222524	
Plch2	NA	0.7314033	
Esrrg	NA	0.7313357	
Muc3a	NA	0.7099745	
Actl10	NA	0.7001844	
RP23-42M8.5	NA	0.6985819	
Gm11437	NA	0.692745	
Dok6	NA	0.69164103	
Phf11a	NA	0.6869519	
Cdr1	NA	0.6843335	
Dclk3	NA	0.6842896	
Prkar2b	NA	0.68137217	
Nipal1	NA	0.6812994	
Gm28285	NA	0.6763976	
RP23-148G12.3	NA	0.6747603	
Rn18s-rs5	NA	0.67355037	
Iglc1	NA	0.6715746	
Apol8	NA	0.66628253	
Cckbr	NA	0.6645445	
RP24-380C2.2	NA	0.657634	
Pla2g4c	NA	0.65182847	
Efna3	NA	0.6509859	
Gm16174	NA	0.64139587	
Gm14226	NA	0.6387095	
Lrrc2	NA	0.6382267	
Srrm3	NA	0.6247589	
Lars2	NA	0.614525	
Zscan30	NA	0.6115433	
1700001L19Rik	NA	0.6102082	
mt-Rnr2	NA	0.60962653	
St6gal2	NA	0.60246694	
Rcvrn	NA	0.59361565	
n-R5-8s1	NA	0.5917056	
Duxbl3	NA	0.5879781	
Pde6g	NA	0.5861748	
Adra2c	NA	0.57770634	
Rerg	NA	0.5764065	
Prph2	NA	0.57569486	
Reep6	NA	0.5697243	
Krt18	NA	0.56957024	
Grm1	NA	0.56746864	
Sag	NA	0.5655867	
Grk1	NA	0.5591555	
Rho	NA	0.5585838	
Impg2	NA	0.557044	
Gm15608	NA	0.55657846	
Tulp1	NA	0.5564251	
Mir124a-1hg	NA	0.5546728	
Pde6b	NA	0.5528909	
Gprin3	NA	0.5516509	
mt-Rnr1	NA	0.5513586	
Otof	NA	0.54748315	
Rp1	NA	0.54697967	
Cngb1	NA	0.5467855	
Gm6710	NA	0.5448011	
Pde6a	NA	0.5430388	
Rpgrip1	NA	0.5422426	
Grm4	NA	0.5367459	
Gm38308	NA	0.53578365	
Rgs9bp	NA	0.531007	
Samd11	NA	0.52958375	
Gm38297	NA	0.5261262	
Kcnk12	NA	0.5218598	
Rs1	NA	0.5163166	
Kcnh7	NA	0.5149439	
Kcnab2	NA	0.51215667	
Gabrb3	NA	0.5120758	
Scrt1	NA	0.5102857	
Gm26803	NA	0.5097287	
Nr6a1os	NA	0.5083777	
Ms4a1	NA	0.5058716	
Hcn1	NA	0.50403494	
Gm11465	NA	0.5035786	
Gm5607	NA	0.503334	
Pld5	NA	0.49840155	
Slit3	NA	0.49825308	
Dnajc5b	NA	0.49403068	
Gucy2f	NA	0.48960638	
Gnal	NA	0.4882037	
Fam155a	NA	0.48264986	
Ano2	NA	0.48118034	
Jph3	NA	0.47435603	
Gm20540	NA	0.47183275	
Tgtp1	NA	0.46870595	
Gm20508	NA	0.4676973	
Pcdha3	NA	0.46663177	
Gm29394	NA	0.46489647	
Myb	NA	0.46423802	
Psd	NA	0.4642213	
Esrrb	NA	0.46102688	
Slc24a1	NA	0.4606682	
Mpp4	NA	0.45997316	
Htr1d	NA	0.45558518	
Gm9972	NA	0.43862417	
Fam189a1	NA	0.43149444	
Chn1	NA	0.43096128	
Drd1	NA	0.428898	
Fras1	NA	0.42640802	
BC023105	NA	0.4222172	
Syt6	NA	0.4212078	
Pde6h	NA	0.42046252	
Gm9945	NA	0.4202752	
Fam64a	NA	0.4175278	
Slc1a7	NA	0.41551602	
Rgs7	NA	0.41341254	
Mmd	NA	0.4130591	
Brinp1	NA	0.41073772	
Nxnl1	NA	0.40436175	
Chga	NA	0.39853498	
Ankrd34a	NA	0.39686367	
Pcdhac2	NA	0.39530513	
RP23-140B23.1	NA	0.39497593	
Chrna7	NA	0.3926918	
E130012A19Rik	NA	0.38576654	
Ccdc177	NA	0.38444668	
Grin2c	NA	0.38209197	
Scn4b	NA	0.37572294	
Gm28530	NA	0.36187682	
Cplx2	NA	0.36148307	
Sv2c	NA	0.35606986	
Dlx6	NA	0.35245782	
Col19a1	NA	0.35040745	
Cdk5r2	NA	0.3482339	
Dscc1	NA	0.34711146	
Fbxl16	NA	0.3453178	
Gpr88	NA	0.33317277	
9330132A10Rik	NA	0.33200553	
Nox1	NA	0.3305448	
Hapln1	NA	0.32921422	
Slc35f3	NA	0.3271353	
Trim9	NA	0.3255507	
Elmod1	NA	0.32413453	
Syngr3	NA	0.32266322	
Sncb	NA	0.32010582	
1190002F15Rik	NA	0.30920327	
Cpne4	NA	0.3018325	
Lrrc10b	NA	0.30136284	
Gm8113	NA	0.29999778	
Rasl10b	NA	0.2987504	
Mmp25	NA	0.298748	
A330008L17Rik	NA	0.2982356	
Ano3	NA	0.298197	
Cplx1	NA	0.29190138	
Cntnap2	NA	0.27781075	
Lgi2	NA	0.27274016	
Cntnap5b	NA	0.27177897	
Rasd2	NA	0.25655663	
4930515G01Rik	NA	0.2542162	
5830416P10Rik	NA	0.25406986	
Nol4	NA	0.25335413	
Ntng1	NA	0.25255498	
Glt1d1	NA	0.24926464	
1700022N22Rik	NA	0.2472641	
Dpp10	NA	0.2472566	
Susd4	NA	0.24392304	
Cacng8	NA	0.23855224	
Rgs8	NA	0.23792154	
Gabra3	NA	0.23650926	
Hs6st2	NA	0.23572245	
Scn1a	NA	0.23534825	
Scrt2	NA	0.23388718	
Gm14569	NA	0.23271547	
Gm38263	NA	0.2323623	
Fat3	NA	0.23111401	
Gm37403	NA	0.22598726	
RP23-246L14.3	NA	0.22253655	
Ryr3	NA	0.2220961	
Dlx6os1	NA	0.22166574	
Tuba4a	NA	0.22139497	
Gm28064	NA	0.22131078	
Atp6v1g2	NA	0.21757966	
Cacna1i	NA	0.21585278	
Ncan	NA	0.21229286	
RP24-176M3.1	NA	0.21162802	
Gm37367	NA	0.21146174	
Igsf21	NA	0.21036771	
AI427809	NA	0.20164467	
Nat8l	NA	0.20162041	
Tcerg1l	NA	0.20025901	
1700001J03Rik	NA	0.19946532	
Fbll1	NA	0.19906823	
Golga7b	NA	0.19887991	
Rgs14	NA	0.19670677	
Gm13441	NA	0.19633183	
Gm12656	NA	0.19522214	
Mme	NA	0.19499597	
Mlip	NA	0.18601823	
Kctd16	NA	0.18298201	
Myoc	NA	0.1828901	
Car3	NA	0.18215084	
Prmt8	NA	0.18187875	
Syn1	NA	0.17893812	
Hes5	NA	0.17857198	
Prrt3	NA	0.17805059	
Gm14204	NA	0.17628832	
Neurl1a	NA	0.17628717	
Tpo	NA	0.17355885	
Slc7a4	NA	0.17138064	
Ccl2	NA	0.16925165	
Chst13	NA	0.16911808	
Adra1d	NA	0.16676223	
Stxbp5l	NA	0.16241685	
Gm21817	NA	0.16033237	
Kcnc4	NA	0.159982	
Dlgap1	NA	0.15950796	
A830039N20Rik	NA	0.15769683	
Scn2b	NA	0.1574915	
Egr3	NA	0.15523958	
Fam163b	NA	0.15337743	
Insm1	NA	0.15304348	
D430019H16Rik	NA	0.15225232	
Klhl34	NA	0.15093999	
Gm16068	NA	0.15070175	
Car7	NA	0.14991806	
Cdrt4	NA	0.14812742	
Gpr26	NA	0.14768913	
Chrna2	NA	0.14737406	
Proscos	NA	0.14509623	
Neurl1b	NA	0.13787617	
Bcl11b	NA	0.13595648	
Dhrs13os	NA	0.13332556	
Ankrd34b	NA	0.13016836	
Gm37984	NA	0.12938148	
F9	NA	0.12590677	
Pak6	NA	0.12344015	
Mchr1	NA	0.12294202	
A830036E02Rik	NA	0.12003477	
Nwd2	NA	0.117890224	
4933430I17Rik	NA	0.117828146	
Gda	NA	0.11695825	
Cartpt	NA	0.116929	
Mpped1	NA	0.11679684	
Slc17a7	NA	0.11550389	
Ccne1	NA	0.115281105	
Kcnj11	NA	0.115234256	
Tmem151b	NA	0.11270365	
Lzts1	NA	0.11169614	
Zmat4	NA	0.10951451	
RP23-105O12.2	NA	0.10920075	
Rgs7bp	NA	0.10843618	
Ccdc79	NA	0.105414286	
Gm4735	NA	0.10345841	
Adcy1	NA	0.09889569	
Syt16	NA	0.098658614	
Eef1a2	NA	0.09711544	
Stmn2	NA	0.096430324	
Gal3st3	NA	0.09638591	
Cgref1	NA	0.08971226	
Thap8	NA	0.089583926	
Slc35f4	NA	0.08765792	
RP23-63A19.3	NA	0.07963727	
RP24-231P10.5	NA	0.07925329	
Gm13477	NA	0.07885124	
Rab3c	NA	0.075505786	
Eno1b	NA	0.073784225	
Dlgap3	NA	0.07323296	
C1qtnf4	NA	0.07257142	
B930036N10Rik	NA	0.07098258	
Fbxo41	NA	0.07081927	
Kif17	NA	0.070478715	
Sgcz	NA	0.06982407	
Otx2	NA	0.06845027	
Foxg1	NA	0.06672358	
Agap2	NA	0.06579244	
Kcnh3	NA	0.06575317	
Ces1g	NA	0.064320825	
Kcnip2	NA	0.06371891	
Atcayos	NA	0.061647538	
Plcxd3	NA	0.061397947	
Prkar1b	NA	0.060773354	
Mef2c	NA	0.060470887	
Sstr3	NA	0.059573837	
Clec10a	NA	0.056241747	
Ttc9b	NA	0.051465347	
Dnm1	NA	0.050230525	
Atp2b2	NA	0.049590055	
Gm11447	NA	0.048676185	
Esrp1	NA	0.04765618	
Sptbn2	NA	0.046498	
Gm11517	NA	0.04453463	
Shank2	NA	0.04313466	
Ppm1e	NA	0.04177109	
Hp	NA	0.039816532	
Kcns2	NA	0.037184063	
Rap1gap2	NA	0.036071382	
Tmem178	NA	0.035072144	
Tshr	NA	0.035067067	
Acpp	NA	0.03181009	
Cdkl1	NA	0.029927745	
Syp	NA	0.029878933	
Hcn4	NA	0.028705543	
Frmpd3	NA	0.026088182	
Actl6b	NA	0.025170276	
Gpr83	NA	0.025062403	
Dct	NA	0.023906844	
Epb4.2	NA	0.02112526	
RP23-477N9.1	NA	0.020498607	
Chst1	NA	0.020395212	
Odf3l2	NA	0.019110186	
Slco5a1	NA	0.01877681	
Cdh12	NA	0.015653921	
Tceal5	NA	0.014009309	
Penk	NA	0.013388783	
Kcnma1	NA	0.013212946	
St6galnac5	NA	0.012751232	
Grin1os	NA	0.011791562	
Kcnj4	NA	0.01166684	
Plk2	NA	0.010496238	
Unc80	NA	0.009983342	
Sstr2	NA	0.00769979	
Il4	NA	0.007386556	
Rasgrf2	NA	0.0064446894	
Mctp1	NA	0.0061633238	
Gm11739	NA	0.0057132086	
Gm4409	NA	0.001555636	
Ube2ql1	NA	5.198276E-4	
Cabp1	NA	-7.6039415E-4	
RP23-451E8.2	NA	-0.0010304861	
Mpp3	NA	-0.0014202612	
Glipr1	NA	-0.003889784	
RP23-445H19.1	NA	-0.004360894	
Gm9987	NA	-0.0052244007	
Wipf3	NA	-0.0052410886	
Rxfp4	NA	-0.0058100834	
Kcnh1	NA	-0.006970222	
Mgat4c	NA	-0.007317486	
Gabrb2	NA	-0.007557982	
Cacng2	NA	-0.008804784	
Cnih2	NA	-0.010572329	
Ccl4	NA	-0.01213727	
Pcsk2	NA	-0.012534453	
Pydc3	NA	-0.012937291	
Rnf165	NA	-0.013733733	
Amer3	NA	-0.014046059	
5730403I07Rik	NA	-0.01526912	
Aspdh	NA	-0.017461307	
Serpini1	NA	-0.017797438	
Gm37136	NA	-0.018298429	
Rab40b	NA	-0.021176828	
Kalrn	NA	-0.0224054	
Apob	NA	-0.02242981	
Plet1os	NA	-0.028275093	
Slc22a3	NA	-0.029362349	
Caly	NA	-0.031035423	
Sult4a1	NA	-0.032000273	
Paqr9	NA	-0.0336509	
RP23-353L10.2	NA	-0.03495866	
Ddn	NA	-0.035410386	
Cacna2d1	NA	-0.03634317	
Lmo3	NA	-0.036841318	
Strip2	NA	-0.037135154	
Amhr2	NA	-0.037283894	
RP23-15G1.3	NA	-0.038268223	
Vdr	NA	-0.039299343	
Gm13052	NA	-0.040622205	
Celf4	NA	-0.043104544	
Lrp8os2	NA	-0.044466663	
Ptpn5	NA	-0.045998964	
Cd22	NA	-0.04637981	
Mal2	NA	-0.04741825	
Lrrc7	NA	-0.048637103	
Gprin1	NA	-0.053025812	
Bsn	NA	-0.053619027	
Hecw1	NA	-0.053654585	
AI593442	NA	-0.053685695	
Slc30a2	NA	-0.05581417	
Slc36a2	NA	-0.057544746	
Bcl11a	NA	-0.057964455	
Syt5	NA	-0.05887997	
Kcnf1	NA	-0.061903473	
Gm13510	NA	-0.062787354	
N28178	NA	-0.06308421	
Kcna4	NA	-0.063489944	
Spin2c	NA	-0.0636808	
RP23-333I5.5	NA	-0.06456644	
Epha6	NA	-0.065052174	
Fstl4	NA	-0.066500634	
Phyhip	NA	-0.06827569	
Clvs2	NA	-0.0698132	
Tbr1	NA	-0.070144765	
Snap25	NA	-0.07141167	
Syt1	NA	-0.07204066	
Lppr1	NA	-0.07360864	
Ndst4	NA	-0.07395202	
Ptk2b	NA	-0.07445743	
Shank1	NA	-0.074741915	
Baiap2	NA	-0.07490749	
Vgf	NA	-0.075992286	
Gsg1l	NA	-0.07760203	
Actn3	NA	-0.07800613	
Dpp6	NA	-0.07964295	
Scn3b	NA	-0.08024104	
Rab15	NA	-0.08047852	
Gm15421	NA	-0.080684386	
Celsr3	NA	-0.081829816	
Gm10399	NA	-0.08304809	
4930562C15Rik	NA	-0.08333377	
Htr2c	NA	-0.08445837	
Iqsec3	NA	-0.08470754	
Camk2b	NA	-0.08637705	
Gm16464	NA	-0.08750332	
Icam5	NA	-0.08931776	
Gm8242	NA	-0.091062784	
Rpl34-ps1	NA	-0.092974804	
Sidt1	NA	-0.093364686	
Prss12	NA	-0.09571106	
Tceal6	NA	-0.09752285	
2010016I18Rik	NA	-0.098535195	
Gabra1	NA	-0.09875734	
Amh	NA	-0.099339716	
Ckmt1	NA	-0.10058922	
Myo5b	NA	-0.10075948	
Nos1	NA	-0.10092395	
Gm37718	NA	-0.101151116	
Cdh18	NA	-0.10337041	
Rims4	NA	-0.1044898	
Pde2a	NA	-0.10472664	
RP24-456F12.1	NA	-0.10527447	
Camk2a	NA	-0.10738737	
Gm12424	NA	-0.10861296	
Nsg2	NA	-0.11112607	
Bex2	NA	-0.11206558	
Lin7a	NA	-0.113266304	
Ndrg4	NA	-0.114249505	
Tiam1	NA	-0.11468589	
Il31ra	NA	-0.11698017	
Lrrtm4	NA	-0.11787641	
Hipk4	NA	-0.117982395	
Thy1	NA	-0.11921167	
Nptxr	NA	-0.12086636	
Unc5a	NA	-0.12140884	
5033430I15Rik	NA	-0.1237573	
Chrm1	NA	-0.12384851	
Apol7e	NA	-0.12386355	
Slc16a8	NA	-0.12529482	
Slc32a1	NA	-0.12615621	
Fam19a1	NA	-0.12639485	
2010300C02Rik	NA	-0.1271724	
G630016G05Rik	NA	-0.12814324	
Extl1	NA	-0.12865342	
Cnnm1	NA	-0.13043855	
Shisa7	NA	-0.13085604	
Ccdc150	NA	-0.13096596	
Slc17a6	NA	-0.13107255	
Hs3st4	NA	-0.1313291	
Necab3	NA	-0.13184363	
Slc12a5	NA	-0.13230322	
Neurod2	NA	-0.13276659	
Atp1a3	NA	-0.1348666	
Itpka	NA	-0.13646184	
Sprn	NA	-0.13673659	
Diras2	NA	-0.13860942	
Rapgefl1	NA	-0.13861963	
Gm17233	NA	-0.13887614	
Gad2	NA	-0.13978079	
Rbfox3	NA	-0.1398723	
Gldn	NA	-0.13993976	
Ccl7	NA	-0.14028701	
Cck	NA	-0.14045684	
4930533K18Rik	NA	-0.14055303	
Dlgap2	NA	-0.14060256	
Zfp599	NA	-0.14081058	
Gm26555	NA	-0.14263302	
Gm15283	NA	-0.14369877	
Galnt9	NA	-0.1440098	
Grem2	NA	-0.14442486	
Nrgn	NA	-0.14446881	
Unc13a	NA	-0.14471228	
Tuba8	NA	-0.14494261	
RP23-41J13.2	NA	-0.14561708	
Rasgef1a	NA	-0.1470114	
Gm15528	NA	-0.14776374	
Pcdha5	NA	-0.14994842	
Rab44	NA	-0.15026218	
Gad1	NA	-0.15316777	
Trim30b	NA	-0.15406013	
RP24-496C22.4	NA	-0.154088	
Gm13212	NA	-0.15572941	
Xist	NA	-0.15584418	
Gm15989	NA	-0.15667683	
Sapcd1	NA	-0.15875936	
Ccl3	NA	-0.16047163	
5830468F06Rik	NA	-0.16082752	
5830415G21Rik	NA	-0.16334362	
Prkce	NA	-0.16348441	
4833422M21Rik	NA	-0.16447882	
Cpne6	NA	-0.16472523	
Zfp831	NA	-0.16506948	
Gm37265	NA	-0.16518445	
Arpp21	NA	-0.16588797	
Epor	NA	-0.16658625	
Cst7	NA	-0.16660915	
Rbfox1	NA	-0.16686352	
Gm10033	NA	-0.16721408	
Cpne5	NA	-0.16745211	
Fbxo47	NA	-0.17098497	
Camkv	NA	-0.1719895	
Hoxb4	NA	-0.17367673	
Kcnq2	NA	-0.17639169	
Sez6l	NA	-0.17763095	
Grm5	NA	-0.17971085	
Ripk3	NA	-0.18168138	
Dtl	NA	-0.18236166	
Gm14703	NA	-0.18244068	
Nrg3	NA	-0.18269876	
Lyz2	NA	-0.18352944	
Shbg	NA	-0.18386722	
Ptprn	NA	-0.18463455	
Prss56	NA	-0.1865301	
Snap91	NA	-0.18763067	
Tnfrsf9	NA	-0.1893647	
RP23-187D22.11	NA	-0.18952502	
Tmem179	NA	-0.18990897	
Pcnxl2	NA	-0.19041727	
Gm1972	NA	-0.19100633	
Scn8a	NA	-0.19359988	
Trank1	NA	-0.19434884	
Gm17409	NA	-0.19449122	
Gm9725	NA	-0.19496705	
Tjp3	NA	-0.19570026	
Neto1	NA	-0.19740781	
Elavl4	NA	-0.19772083	
Nell2	NA	-0.19915067	
Cd300lf	NA	-0.20380779	
Exph5	NA	-0.20389344	
Grin1	NA	-0.20450422	
Gm16217	NA	-0.20456073	
Gm24532	NA	-0.20566624	
Gm10862	NA	-0.20626849	
Lamp5	NA	-0.20772511	
Plxna4	NA	-0.20855905	
Camk4	NA	-0.20984101	
Sv2b	NA	-0.2102449	
Kcng1	NA	-0.21052806	
Cnih3	NA	-0.21230024	
Nptx1	NA	-0.21240644	
Kcnc2	NA	-0.21487328	
Cntnap5a	NA	-0.21534047	
Gm37645	NA	-0.2159777	
Ryr2	NA	-0.2176235	
Spp1	NA	-0.21835947	
Slc8a2	NA	-0.22031036	
Arx	NA	-0.22083028	
Mc5r	NA	-0.22099277	
Gabrd	NA	-0.22104695	
Htr2a	NA	-0.22226559	
Gm37329	NA	-0.2245569	
Gm29036	NA	-0.22544692	
4932411E22Rik	NA	-0.2261891	
Slc30a3	NA	-0.22797285	
Cacna1e	NA	-0.22882025	
Lrat	NA	-0.2305009	
Doc2b	NA	-0.23206261	
Kcnq5	NA	-0.2330386	
RP24-220P21.4	NA	-0.2340503	
Grin2a	NA	-0.23425479	
Rab26	NA	-0.2345927	
Tmem35	NA	-0.23468176	
Gm37530	NA	-0.2359587	
Cdk5r1	NA	-0.23640493	
Gm12503	NA	-0.23811837	
Bcl2a1a	NA	-0.2386466	
2310010J17Rik	NA	-0.23936789	
Hrc	NA	-0.23942104	
Gm27017	NA	-0.23955736	
Dlx5	NA	-0.23979463	
Rell2	NA	-0.24002628	
Hpcal4	NA	-0.2406712	
Gm17034	NA	-0.2413715	
D730045B01Rik	NA	-0.24180576	
Fcrls	NA	-0.24199341	
A830018L16Rik	NA	-0.24237488	
Fgf13	NA	-0.24312161	
Gabra2	NA	-0.2432045	
Gm16121	NA	-0.24541906	
Vil1	NA	-0.24585369	
1700066O22Rik	NA	-0.24636419	
Gm17276	NA	-0.24709961	
Crym	NA	-0.24948618	
Cilp	NA	-0.25045404	
Hspb3	NA	-0.25046703	
Entpd3	NA	-0.25107953	
Doc2a	NA	-0.25210962	
Prkcg	NA	-0.2521193	
Plekhd1	NA	-0.25347605	
Npy	NA	-0.25454944	
Mtag2	NA	-0.25456506	
Gm27032	NA	-0.25550008	
Olfm3	NA	-0.25739056	
Grin2b	NA	-0.25904575	
Hpca	NA	-0.2604271	
Sphkap	NA	-0.26185194	
L1cam	NA	-0.26215282	
Slc39a4	NA	-0.26234746	
Slc26a8	NA	-0.2630516	
Ptger2	NA	-0.26348346	
Fam43b	NA	-0.26548076	
Gabrg2	NA	-0.2676882	
Pnma2	NA	-0.26896232	
Cacna1b	NA	-0.26972827	
4930470G03Rik	NA	-0.27086738	
Cldn20	NA	-0.27107966	
Muc5b	NA	-0.27148306	
Myt1l	NA	-0.27491146	
Fam135b	NA	-0.27523157	
Gm38112	NA	-0.27738452	
Svop	NA	-0.27816755	
Tnfsf11	NA	-0.2791217	
Scn2a1	NA	-0.27973038	
Slfn10-ps	NA	-0.2810894	
Cnr1	NA	-0.28223163	
6330403A02Rik	NA	-0.28438267	
Cnksr2	NA	-0.28466403	
Lppr4	NA	-0.28574497	
Tmem63c	NA	-0.28576857	
Cybb	NA	-0.28630596	
Lmo7	NA	-0.28643414	
Klhl38	NA	-0.28712726	
Serpinc1	NA	-0.28728914	
Cdh7	NA	-0.28823903	
Atp2b3	NA	-0.2908418	
Gm21759	NA	-0.2938184	
Gm26520	NA	-0.29644474	
Pilrb2	NA	-0.29710546	
Osm	NA	-0.30007708	
Unc5d	NA	-0.30268875	
Nptx2	NA	-0.30307582	
Ptprn2	NA	-0.3031396	
Cryaa	NA	-0.30404177	
Htr5a	NA	-0.3044258	
Cpne7	NA	-0.30565926	
Pmaip1	NA	-0.3058519	
Gm13920	NA	-0.3117944	
Eif4ebp3	NA	-0.31215885	
Gm9916	NA	-0.31283122	
Nrip3	NA	-0.31422934	
Gm21816	NA	-0.3147814	
1700030C10Rik	NA	-0.31530118	
RP23-293K21.8	NA	-0.31586412	
Idi2	NA	-0.3164608	
Gm38099	NA	-0.31766048	
Srpx2	NA	-0.31887522	
2810407A14Rik	NA	-0.3201074	
Ksr2	NA	-0.32122716	
Gm20407	NA	-0.32138354	
Gm37652	NA	-0.32150674	
Sdcbp2	NA	-0.32362753	
Hrh3	NA	-0.32485476	
Asns	NA	-0.32531688	
RP24-68G17.4	NA	-0.32560843	
Nefm	NA	-0.3268335	
Gm37766	NA	-0.33167297	
Gm38351	NA	-0.3318512	
Optc	NA	-0.33194634	
Itgax	NA	-0.33274224	
Gm37814	NA	-0.33352527	
Gm37767	NA	-0.33371067	
4921534H16Rik	NA	-0.33537498	
Tgm1	NA	-0.3404924	
Gm37876	NA	-0.34074745	
Cntn6	NA	-0.34204322	
RP23-378C15.2	NA	-0.34384567	
RP23-114M24.1	NA	-0.34441817	
Epha7	NA	-0.34732503	
Tnni2	NA	-0.34831157	
Dlk1	NA	-0.3494787	
Ralyl	NA	-0.35074002	
Vsnl1	NA	-0.35204297	
1110002E22Rik	NA	-0.35300344	
Gm12941	NA	-0.3541413	
Bmp3	NA	-0.35476616	
Nell1	NA	-0.35643676	
Capns2	NA	-0.35690764	
Myo15b	NA	-0.3569432	
Adamts3	NA	-0.35697374	
Ak5	NA	-0.35940775	
Lilrb4	NA	-0.36315918	
RP24-488I7.2	NA	-0.36392125	
Nsf	NA	-0.3641157	
Rgs1	NA	-0.36473322	
Gm9923	NA	-0.36521274	
Rps2-ps9	NA	-0.3660025	
Gm37016	NA	-0.36869216	
Gm12981	NA	-0.37020764	
Dbpht2	NA	-0.37129635	
Olfr111	NA	-0.3715589	
Gm14276	NA	-0.372079	
Gmnc	NA	-0.37503666	
Gpr174	NA	-0.37584028	
1110032F04Rik	NA	-0.3759842	
Caln1	NA	-0.3771612	
Slitrk1	NA	-0.37809953	
Lpl	NA	-0.3793444	
Gm13886	NA	-0.38106078	
Pcdha12	NA	-0.3821875	
BB218582	NA	-0.38265067	
Celf3	NA	-0.38361886	
Slamf7	NA	-0.38396463	
Mmp17	NA	-0.38494626	
Trh	NA	-0.38593498	
Mei4	NA	-0.38604432	
9230111E07Rik	NA	-0.387334	
B4galnt4	NA	-0.38931513	
Gm10040	NA	-0.38986087	
Gm29112	NA	-0.39016697	
Erc2	NA	-0.39017093	
Gm27209	NA	-0.39081395	
Fam19a2	NA	-0.39207393	
Gm16275	NA	-0.39298218	
1700086L19Rik	NA	-0.39474568	
RP24-496C22.5	NA	-0.39487934	
Sh2d5	NA	-0.39577913	
Gm20701	NA	-0.3968092	
Gp49a	NA	-0.40376255	
Gabra4	NA	-0.40376452	
Olfr461	NA	-0.40493873	
Gm28809	NA	-0.40549138	
Mast1	NA	-0.4060094	
9130019P16Rik	NA	-0.406682	
Tm6sf2	NA	-0.40722322	
1700015E13Rik	NA	-0.4078368	
D130043K22Rik	NA	-0.41012517	
1700011I03Rik	NA	-0.41032094	
Car10	NA	-0.41200954	
Gm37100	NA	-0.4141243	
RP23-441I24.4	NA	-0.41572767	
Gm37283	NA	-0.41720527	
Zdhhc22	NA	-0.41750845	
Gm19552	NA	-0.41827968	
Gm7707	NA	-0.42119452	
Cd300lb	NA	-0.42312253	
RP24-296L6.1	NA	-0.42376196	
Ltk	NA	-0.42393965	
Napb	NA	-0.42591763	
Gm9159	NA	-0.42604294	
Gm13778	NA	-0.42759466	
Gm14488	NA	-0.43019027	
Rasgrp1	NA	-0.43250266	
BC048644	NA	-0.43499425	
Kcnj6	NA	-0.43755013	
Ms4a4c	NA	-0.43876678	
Mas1	NA	-0.44541553	
Tex38	NA	-0.44584236	
Gria2	NA	-0.4463035	
Smim17	NA	-0.446942	
Gm12680	NA	-0.44729096	
Gm8152	NA	-0.4480706	
Cdh4	NA	-0.4482375	
RP23-124H2.4	NA	-0.44922966	
Gm17229	NA	-0.44929355	
Gria3	NA	-0.4507127	
Ms4a7	NA	-0.4515991	
Tnn	NA	-0.4523744	
Soat2	NA	-0.45275757	
Gm16163	NA	-0.4542909	
Gm15617	NA	-0.4569872	
RP24-349N15.4	NA	-0.46229053	
Spata17	NA	-0.46483907	
Gm20616	NA	-0.46593347	
RP24-152F23.2	NA	-0.46830776	
Syt4	NA	-0.47045475	
Ntsr1	NA	-0.47198248	
Adgrg5	NA	-0.47199464	
Snora26	NA	-0.47427428	
Tacr1	NA	-0.4742771	
Car12	NA	-0.4752994	
Gpr158	NA	-0.4770051	
Wfdc2	NA	-0.47705513	
RP23-372C7.8	NA	-0.4773737	
Lypd1	NA	-0.47911322	
Sez6	NA	-0.4820495	
Pgm2l1	NA	-0.48493278	
Gm37716	NA	-0.48769793	
Gm26732	NA	-0.48982236	
Gabra5	NA	-0.49034986	
Prdm8	NA	-0.4951557	
Galnt14	NA	-0.49521017	
Kcnc1	NA	-0.4954165	
Gm27227	NA	-0.5028387	
Celf6	NA	-0.50318164	
Acvr1c	NA	-0.50365657	
Gm34882	NA	-0.50503576	
L3mbtl1	NA	-0.50790197	
Bmp8a	NA	-0.5107414	
Calb1	NA	-0.5109604	
Gm37080	NA	-0.5129919	
Tenm1	NA	-0.5130987	
Pcdh8	NA	-0.51814264	
Gm38379	NA	-0.518903	
3930402G23Rik	NA	-0.520659	
Lrfn5	NA	-0.52148724	
Olr1	NA	-0.5231322	
Fibcd1	NA	-0.52461207	
Celf5	NA	-0.5273106	
Chgb	NA	-0.5280744	
Cecr6	NA	-0.5291425	
Gm21807	NA	-0.53181046	
Stx1a	NA	-0.53289557	
Cldn8	NA	-0.5342496	
Gm13449	NA	-0.53578085	
Gm16061	NA	-0.5387485	
Gm16520	NA	-0.53955024	
Rimbp2	NA	-0.5406406	
Npas4	NA	-0.54519826	
Crhbp	NA	-0.5465104	
Cd200r4	NA	-0.548054	
Gm26652	NA	-0.5484178	
Gm12701	NA	-0.5513623	
Gm15788	NA	-0.552031	
Gm13586	NA	-0.5556665	
Gm37354	NA	-0.5557205	
Gm14895	NA	-0.55591965	
Vipr1	NA	-0.5675753	
Kcnj9	NA	-0.5690457	
Mtfr2	NA	-0.5719688	
Gm37393	NA	-0.5725765	
Gh	NA	-0.5766348	
4930505M18Rik	NA	-0.5767314	
Gm8145	NA	-0.5767725	
Akap5	NA	-0.57819647	
Enc1	NA	-0.5800076	
Scg2	NA	-0.5810024	
Tbx3os1	NA	-0.58190274	
Dlk2	NA	-0.58206755	
Dlx1	NA	-0.58358127	
Gm17039	NA	-0.58407605	
Gm37849	NA	-0.58659226	
Dazl	NA	-0.5893527	
Lrrc6	NA	-0.59211814	
Gm18284	NA	-0.59397507	
Gm10489	NA	-0.59867513	
Gm15820	NA	-0.5994896	
Pax5	NA	-0.6044186	
RP24-461L18.3	NA	-0.6047083	
RP23-151C5.3	NA	-0.6048035	
Clstn2	NA	-0.60610116	
Sh3gl2	NA	-0.6061164	
Syt13	NA	-0.607094	
Rgs17	NA	-0.6112046	
Gm20387	NA	-0.61166036	
Dgkb	NA	-0.61272556	
A230087F16Rik	NA	-0.6191371	
4930447A16Rik	NA	-0.619852	
Papolb	NA	-0.6210567	
Gm26838	NA	-0.6214098	
Gm21857	NA	-0.6221065	
Magel2	NA	-0.6235305	
RP24-409P22.1	NA	-0.62976867	
Elavl2	NA	-0.63192123	
Foxl2os	NA	-0.6376261	
Mirg	NA	-0.64022094	
Gm4349	NA	-0.6420898	
Gm15575	NA	-0.6432808	
Scn9a	NA	-0.64425224	
Cpne9	NA	-0.65098655	
Gm26609	NA	-0.6510834	
Gm15836	NA	-0.65186	
Tnfrsf25	NA	-0.6554292	
Gm37649	NA	-0.655791	
Gm37216	NA	-0.6578655	
BC049715	NA	-0.6589732	
Adam8	NA	-0.65979785	
Gm37804	NA	-0.6726223	
Akr1c12	NA	-0.6751723	
Gm9719	NA	-0.6779104	
Gm38026	NA	-0.6813077	
Syn2	NA	-0.68402326	
RP23-120C8.5	NA	-0.687638	
Slc6a7	NA	-0.68901306	
C2cd4c	NA	-0.6962278	
Vstm2a	NA	-0.70051104	
Chn1os3	NA	-0.7042666	
B830012L14Rik	NA	-0.7046631	
Fsd2	NA	-0.7122562	
Gm3235	NA	-0.7166427	
Gm17230	NA	-0.7225199	
Gm13369	NA	-0.7377107	
Gm20646	NA	-0.7493896	
5330417C22Rik	NA	-0.7496036	
C77370	NA	-0.7503145	
RP24-302O2.1	NA	-0.7626642	
Gabbr2	NA	-0.7697903	
Trpc4	NA	-0.77609694	
Gm16485	NA	-0.77859074	
Oprl1	NA	-0.7790162	
Gm12917	NA	-0.78149843	
Slitrk3	NA	-0.7823308	
Fstl5	NA	-0.79019904	
Miat	NA	-0.7923724	
Gm12961	NA	-0.7933568	
RP23-434L7.5	NA	-0.79568815	
Pcdhac1	NA	-0.8011199	
4933426K07Rik	NA	-0.8061397	
Cntn4	NA	-0.81287867	
Mctp2	NA	-0.81754416	
Pnmal1	NA	-0.82151324	
Lin7b	NA	-0.8226451	
Csmd1	NA	-0.8234603	
Agbl4	NA	-0.8240318	
Gm37399	NA	-0.8249759	
Gm38070	NA	-0.8255562	
Gm15425	NA	-0.82586455	
Slitrk4	NA	-0.8326158	
Acot4	NA	-0.8370283	
Matk	NA	-0.84148395	
Meg3	NA	-0.84680617	
Rian	NA	-0.8484393	
RP23-4H14.1	NA	-0.8526657	
Kcnk9	NA	-0.85304147	
Disp2	NA	-0.85346115	
Tunar	NA	-0.8651306	
Gm16177	NA	-0.8853335	
Gm29539	NA	-0.8853388	
Gm37248	NA	-0.89575213	
Ipcef1	NA	-0.9020443	
Gm13113	NA	-0.9084529	
Slit1	NA	-0.91082567	
Tmem130	NA	-0.93168354	
Brinp2	NA	-0.9630428	
Gm37482	NA	-0.96454877	
Rtl1	NA	-0.9661479	
St8sia3	NA	-0.98059744	
RP24-248M2.5	NA	-0.98599184	
Dgkk	NA	-0.99280876	
Gpr22	NA	-0.9990092	
1700014D04Rik	NA	-1.0621489	
Ly6h	NA	-1.0758413	
Nyap2	NA	-1.0974162	
Add2	NA	-1.1137775	
Tmem198	NA	-1.1228073	
Pgr	NA	-1.1699492	
March4	NA	-1.2297809	
Gm4737	NA	-1.2323692	
C230004F18Rik	NA	-1.2658037	
March11	NA	-1.2761341	
Camk1g	NA	-1.2805688	
Trpc5	NA	-1.3382705	
Nkain3	NA	-1.341889	
Gm37138	NA	-1.3651296	
Gm15651	NA	-1.3792181	
Stc1	NA	-1.498006	
Pcdh19	NA	-1.6965078	
Saa3	NA	-2.5319662	
