gene_id	gene_name	SRR23195511_oxy_Sham	SRR23195516_oxy_SNI
ENSMUSG00000001750	Tcirg1	102.821	134.847
ENSMUSG00000003053	Cyp2c29	0	0
ENSMUSG00000003228	Grk5	329	337
ENSMUSG00000003555	Cyp17a1	0	0
ENSMUSG00000003559	As3mt	99	145
ENSMUSG00000003680	Taf6l	59	100.999
ENSMUSG00000004054	Map3k11	197	274
ENSMUSG00000004231	Pax2	0	0
ENSMUSG00000005986	Ankrd13d	216.999	199
ENSMUSG00000006270	Vax1	9	12
ENSMUSG00000006435	Neurl1a	1170.657	1113.799
ENSMUSG00000006456	Rbm14	279.443	179.869
ENSMUSG00000006457	Actn3	16	19
ENSMUSG00000006463	Zdhhc24	137.889	186
ENSMUSG00000006464	Bbs1	542.143	592.475
ENSMUSG00000007338	Mrpl49	221	333
ENSMUSG00000009378	Slc16a12	23	32
ENSMUSG00000010095	Slc3a2	1043.132	1052.264
ENSMUSG00000010097	Nxf1	501	669.999
ENSMUSG00000010110	Stx5a	646.195	633.6
ENSMUSG00000010663	Fads1	1261	1283
ENSMUSG00000011752	Pgam1	2087	3027.999
ENSMUSG00000012443	Kif11	25.98	26.273
ENSMUSG00000013662	Atad1	1005.001	1244
ENSMUSG00000013663	Pten	3131.999	3350
ENSMUSG00000015176	Nolc1	399	532
ENSMUSG00000016495	Plgrkt	103	115
ENSMUSG00000016496	Cd274	45.449	37.395
ENSMUSG00000016498	Pdcd1lg2	0	0
ENSMUSG00000018820	Zfyve27	574.907	560.056
ENSMUSG00000018821	Avpi1	109	227
ENSMUSG00000018822	Sfrp5	8	7
ENSMUSG00000023307	Marchf5	356	438
ENSMUSG00000024639	Gnaq	1329.241	1569.197
ENSMUSG00000024640	Psat1	937.999	1364
ENSMUSG00000024642	Tle4	1350	1428
ENSMUSG00000024650	Slc22a6	5	10
ENSMUSG00000024653	Scgb1a1	0	0
ENSMUSG00000024654	Asrgl1	1209.017	1762
ENSMUSG00000024658	Gm9750	14	4
ENSMUSG00000024659	Anxa1	5	6
ENSMUSG00000024660	Incenp	61	59
ENSMUSG00000024661	Fth1	4242.001	6374
ENSMUSG00000024663	Rab3il1	56	95
ENSMUSG00000024664	Fads3	54	94.001
ENSMUSG00000024665	Fads2	583	919
ENSMUSG00000024666	Tmem138	65	104.001
ENSMUSG00000024667	Tmem216	42	32
ENSMUSG00000024668	Sdhaf2	312.662	343.819
ENSMUSG00000024669	Cd5	0	0
ENSMUSG00000024670	Cd6	0	0
ENSMUSG00000024672	Ms4a7	38	20.02
ENSMUSG00000024673	Ms4a1	91.418	61.569
ENSMUSG00000024675	Ms4a4c	0	0
ENSMUSG00000024677	Ms4a6b	9	12
ENSMUSG00000024678	Ms4a4d	0	0
ENSMUSG00000024679	Ms4a6d	7	5
ENSMUSG00000024680	Ms4a2	2	7
ENSMUSG00000024681	Ms4a3	2	0
ENSMUSG00000024682	Cblif	0	0
ENSMUSG00000024683	Mrpl16	139	170
ENSMUSG00000024687	Osbp	756	825
ENSMUSG00000024691	Fam111a	15	33
ENSMUSG00000024694	Keg1	0	0
ENSMUSG00000024695	Zfp91	1072	1630.25
ENSMUSG00000024696	Lpxn	10	25
ENSMUSG00000024697	Gna14	12	10
ENSMUSG00000024712	Rfk	315.014	458
ENSMUSG00000024713	Pcsk5	66	105
ENSMUSG00000024725	Ostf1	113.667	150.947
ENSMUSG00000024726	Carnmt1	202	171
ENSMUSG00000024727	Trpm6	15	2
ENSMUSG00000024728	Ms4a19	0	0
ENSMUSG00000024729	Ms4a20	2	0
ENSMUSG00000024730	Ms4a8a	1	0
ENSMUSG00000024731	Ms4a10	0	0
ENSMUSG00000024732	Ccdc86	96.503	152.642
ENSMUSG00000024734	Zp1	4	2
ENSMUSG00000024735	Prpf19	817.999	1681.001
ENSMUSG00000024736	Tmem132a	958.999	1247
ENSMUSG00000024737	Slc15a3	16.675	6
ENSMUSG00000024738	Pga5	0	0
ENSMUSG00000024740	Ddb1	2267	3247.999
ENSMUSG00000024742	Fen1	88	128.999
ENSMUSG00000024743	Syt7	1202.14	1174.777
ENSMUSG00000024747	Aldh1a7	1	3
ENSMUSG00000024749	Tmc1	4.73	8
ENSMUSG00000024750	Zfand5	1744	1788
ENSMUSG00000024754	Cemip2	210.001	234.001
ENSMUSG00000024757	Slc22a19	0	0
ENSMUSG00000024758	Rtn3	4243	5533
ENSMUSG00000024759	Atl3	672.006	783.032
ENSMUSG00000024761	Gm16437	116	144
ENSMUSG00000024764	Naa40	473.995	372.001
ENSMUSG00000024766	Lipo3	296	198.779
ENSMUSG00000024767	Otub1	958	1319
ENSMUSG00000024768	Lipf	0	0
ENSMUSG00000024769	Cdc42bpg	47	48
ENSMUSG00000024770	Lipn	0	0
ENSMUSG00000024771	Lipk	0	0
ENSMUSG00000024772	Ehd1	208	357
ENSMUSG00000024773	Atg2a	413.304	338.093
ENSMUSG00000024774	Ankrd22	1	1
ENSMUSG00000024776	Stambpl1	86	105.001
ENSMUSG00000024777	Ppp2r5b	1116.999	1434
ENSMUSG00000024778	Fas	4	1
ENSMUSG00000024780	Cdc37l1	1577.001	2009
ENSMUSG00000024781	Lipa	70	175
ENSMUSG00000024782	Ak3	620	842
ENSMUSG00000024784	Gpha2	0	0
ENSMUSG00000024785	Rcl1	170	237
ENSMUSG00000024786	Majin	4	3
ENSMUSG00000024787	Snx15	178.999	198
ENSMUSG00000024789	Jak2	748	1160
ENSMUSG00000024790	Sac3d1	48	70
ENSMUSG00000024791	Cdca5	0	0
ENSMUSG00000024792	Zfpl1	68	84
ENSMUSG00000024795	Kif20b	9	5
ENSMUSG00000024797	Vps51	404.745	588.998
ENSMUSG00000024798	Htr7	42	80
ENSMUSG00000024799	Tm7sf2	89.32	79.097
ENSMUSG00000024800	Rpp30	169	175
ENSMUSG00000024803	Ankrd1	0	0
ENSMUSG00000024805	Pcgf5	513.773	501.049
ENSMUSG00000024806	Mlana	0	0
ENSMUSG00000024807	Syvn1	185	128
ENSMUSG00000024810	Il33	802	1223
ENSMUSG00000024811	Tnks2	2381	2574.999
ENSMUSG00000024812	Tjp2	302	433
ENSMUSG00000024815	Trpd52l3	0	0
ENSMUSG00000024816	Frmd8	248.001	336
ENSMUSG00000024817	Uhrf2	610.22	665.637
ENSMUSG00000024818	Slc25a45	27	45.999
ENSMUSG00000024824	Rad9a	84.999	96
ENSMUSG00000024826	Dpf2	239.775	387.187
ENSMUSG00000024827	Gldc	251.826	244.846
ENSMUSG00000024829	Mrpl21	93.001	149
ENSMUSG00000024830	Rps6kb2	131	92
ENSMUSG00000024831	Ighmbp2	88	115.001
ENSMUSG00000024833	Pola2	63.063	62.969
ENSMUSG00000024835	Coro1b	406	576
ENSMUSG00000024837	Dmrt1	0	0
ENSMUSG00000024841	Eif1ad	113.876	176.106
ENSMUSG00000024842	Cabp4	0	0
ENSMUSG00000024843	Chka	1004.997	917.764
ENSMUSG00000024844	Banf1	84	150
ENSMUSG00000024845	Tmem134	137	245.001
ENSMUSG00000024846	Cst6	35	42.999
ENSMUSG00000024847	Aip	222	450
ENSMUSG00000024851	Pitpnm1	1163.001	1298
ENSMUSG00000024853	Sf3b2	1445.47	2220.995
ENSMUSG00000024854	Pold4	57	56.999
ENSMUSG00000024855	Pacs1	466	582
ENSMUSG00000024856	Cdk2ap2	77	130
ENSMUSG00000024857	Cabp2	0	0
ENSMUSG00000024858	Grk2	690.002	951.999
ENSMUSG00000024862	Klc2	534	1102
ENSMUSG00000024863	Mbl2	0	0
ENSMUSG00000024866	Acy3	6	4
ENSMUSG00000024867	Pip5k1b	60	44
ENSMUSG00000024868	Dkk1	30.589	19.391
ENSMUSG00000024869	Gm49405	77.784	91.718
ENSMUSG00000024870	Rab1b	554	831
ENSMUSG00000024871	Doc2g	17.367	15.673
ENSMUSG00000024873	Cnih2	594	696
ENSMUSG00000024875	Yif1a	73.999	144
ENSMUSG00000024878	Cbwd1	114	170
ENSMUSG00000024883	Rin1	809.937	822.301
ENSMUSG00000024885	Aldh3b1	28	52
ENSMUSG00000024887	Asah2	188	314
ENSMUSG00000024889	Rce1	116.001	156
ENSMUSG00000024891	Slc29a2	57	37
ENSMUSG00000024892	Pcx	546	988
ENSMUSG00000024896	Minpp1	418.918	539.076
ENSMUSG00000024897	Apba1	839	1091
ENSMUSG00000024899	Papss2	211.998	209
ENSMUSG00000024900	Cpt1a	307.11	394.405
ENSMUSG00000024901	Peli3	185	237
ENSMUSG00000024902	Mrpl11	204	318
ENSMUSG00000024905	Tesmin	0	0
ENSMUSG00000024906	Mus81	178	294.999
ENSMUSG00000024907	Gal	0	0
ENSMUSG00000024908	Ppp6r3	1150	1289
ENSMUSG00000024909	Efemp2	39.762	82.001
ENSMUSG00000024910	Ctsw	0	0
ENSMUSG00000024911	Fibp	220.683	286.084
ENSMUSG00000024912	Fosl1	0	1
ENSMUSG00000024913	Lrp5	75.21	75
ENSMUSG00000024914	Drap1	315	658.001
ENSMUSG00000024921	Smarca2	1425.344	1770.445
ENSMUSG00000024922	Ovol1	0	0
ENSMUSG00000024924	Vldlr	1638.999	2041
ENSMUSG00000024925	Rnaseh2c	41	50.999
ENSMUSG00000024926	Kat5	279	452.001
ENSMUSG00000024927	Rela	106.999	145
ENSMUSG00000024935	Slc1a1	962.001	1094.999
ENSMUSG00000024936	Kcnk7	1	4
ENSMUSG00000024937	Ehbp1l1	264.302	336.492
ENSMUSG00000024939	Fam89b	55.819	139.383
ENSMUSG00000024940	Ltbp3	197.999	188
ENSMUSG00000024941	Scyl1	340	451
ENSMUSG00000024942	Capn1	92	177
ENSMUSG00000024943	Smc5	493	569
ENSMUSG00000024944	Arl2	261.001	381.001
ENSMUSG00000024947	Men1	260.001	530
ENSMUSG00000024948	Map4k2	399.001	524.001
ENSMUSG00000024949	Sf1	709.999	596
ENSMUSG00000024952	Rps6ka4	286.486	407.768
ENSMUSG00000024953	Prdx5	549	926
ENSMUSG00000024955	Esrra	202	260
ENSMUSG00000024957	Kcnk4	125.272	60.634
ENSMUSG00000024958	Gpr137	172.999	313.001
ENSMUSG00000024959	Bad	78	215.001
ENSMUSG00000024960	Plcb3	84	132
ENSMUSG00000024962	Vegfb	133	105
ENSMUSG00000024963	Dnajc4	48.001	47
ENSMUSG00000024965	Fermt3	18	23
ENSMUSG00000024966	Stip1	677	1046
ENSMUSG00000024968	Rcor2	37	31
ENSMUSG00000024969	Mark2	757	686.001
ENSMUSG00000024970	Spindoc	165.136	173.999
ENSMUSG00000024972	Lgals12	25.967	25.802
ENSMUSG00000024973	Plaat5	0	0
ENSMUSG00000024974	Smc3	542.999	855
ENSMUSG00000024975	Pdcd4	519	555
ENSMUSG00000024976	Shoc2	598	930.002
ENSMUSG00000024978	Gpam	915	1236
ENSMUSG00000024979	Tectb	2	2
ENSMUSG00000024981	Acsl5	258	412
ENSMUSG00000024982	Zdhhc6	285.307	297.647
ENSMUSG00000024983	Vti1a	460.916	513.442
ENSMUSG00000024985	Tcf7l2	52.999	30
ENSMUSG00000024986	Hhex	15	10
ENSMUSG00000024987	Cyp26a1	0	2
ENSMUSG00000024989	Cep55	1	0
ENSMUSG00000024990	Rbp4	31.001	47
ENSMUSG00000024991	Eif3a	1242.001	1447
ENSMUSG00000024992	Pde6c	0	6
ENSMUSG00000024993	Fam45a	372.889	331.343
ENSMUSG00000024997	Prdx3	476	584
ENSMUSG00000024998	Plce1	649	729
ENSMUSG00000024999	Noc3l	118	131
ENSMUSG00000025001	Hells	77.966	52.709
ENSMUSG00000025002	Cyp2c55	0	0
ENSMUSG00000025003	Cyp2c39	0	0
ENSMUSG00000025004	Cyp2c40	0	0
ENSMUSG00000025006	Sorbs1	1315.969	1188.004
ENSMUSG00000025007	Aldh18a1	165	256
ENSMUSG00000025008	Tctn3	224.999	260
ENSMUSG00000025010	Ccnj	68	50
ENSMUSG00000025013	Tll2	13	25
ENSMUSG00000025014	Dntt	0	0
ENSMUSG00000025016	Tm9sf3	1934	2517
ENSMUSG00000025017	Pik3ap1	16	59
ENSMUSG00000025019	Lcor	733	726.001
ENSMUSG00000025020	Slit1	257	253.999
ENSMUSG00000025024	Smndc1	170	103
ENSMUSG00000025025	Mxi1	421	552
ENSMUSG00000025026	Add3	1203.999	1619
ENSMUSG00000025027	Xpnpep1	643.373	629.143
ENSMUSG00000025034	Trim8	445	472
ENSMUSG00000025035	Arl3	399	552
ENSMUSG00000025036	Sfxn2	95.96	94.999
ENSMUSG00000025041	Nt5c2	836.151	1149.06
ENSMUSG00000025047	Pdcd11	284.21	240.899
ENSMUSG00000025049	Taf5	54	58
ENSMUSG00000025050	Pcgf6	158.031	136.663
ENSMUSG00000025060	Slk	1535	2279.999
ENSMUSG00000025064	Col17a1	14	14
ENSMUSG00000025066	Sfr1	393	472
ENSMUSG00000025068	Gsto1	137.999	176
ENSMUSG00000025069	Gsto2	6	1
ENSMUSG00000025075	Habp2	0	0
ENSMUSG00000025076	Casp7	45	30
ENSMUSG00000025077	Dclre1a	66	101.999
ENSMUSG00000025078	Nhlrc2	406	509
ENSMUSG00000025081	Tdrd1	3.318	8.146
ENSMUSG00000025082	Vwa2	0	0
ENSMUSG00000025083	Afap1l2	80	86
ENSMUSG00000025085	Ablim1	696.001	555
ENSMUSG00000025086	Trub1	380.918	328.358
ENSMUSG00000025089	Gfra1	856	1066
ENSMUSG00000025090	Ccdc172	0	0
ENSMUSG00000025091	Pnliprp2	0	0
ENSMUSG00000025092	Hspa12a	1187	1578
ENSMUSG00000025094	Slc18a2	15	31
ENSMUSG00000025154	Arhgap19	64	77
ENSMUSG00000025157	Zdhhc16	140.999	208
ENSMUSG00000025159	Mms19	457.664	415.05
ENSMUSG00000025171	Ubtd1	35	49
ENSMUSG00000025172	Ankrd2	4	7
ENSMUSG00000025176	Hoga1	7	0
ENSMUSG00000025178	Pi4k2a	471.002	523
ENSMUSG00000025184	R3hcc1l	272	424
ENSMUSG00000025185	Loxl4	0	0
ENSMUSG00000025188	Hps1	156.349	115.463
ENSMUSG00000025189	Cnnm1	824.999	804
ENSMUSG00000025190	Got1	1630	2383
ENSMUSG00000025192	Entpd7	156.03	63.023
ENSMUSG00000025193	Cutc	21	43
ENSMUSG00000025194	Abcc2	48.917	20.28
ENSMUSG00000025195	Dnmbp	281	289
ENSMUSG00000025196	Cpn1	2	0
ENSMUSG00000025197	Cyp2c23	4	3
ENSMUSG00000025198	Erlin1	478	556
ENSMUSG00000025199	Chuk	601.001	530
ENSMUSG00000025200	Cwf19l1	105.001	169.999
ENSMUSG00000025202	Scd3	30.458	41.208
ENSMUSG00000025203	Scd2	13937.509	17725.515
ENSMUSG00000025204	Ndufb8	488	938.999
ENSMUSG00000025207	Sema4g	104	55
ENSMUSG00000025208	Mrpl43	169	204
ENSMUSG00000025209	Twnk	124	117
ENSMUSG00000025212	Sfxn3	539.062	458.021
ENSMUSG00000025213	Kazald1	2	13
ENSMUSG00000025215	Tlx1	0	0
ENSMUSG00000025216	Lbx1	0	0
ENSMUSG00000025217	Btrc	987.227	1085.294
ENSMUSG00000025218	Poll	55	79
ENSMUSG00000025219	Fgf8	0	1
ENSMUSG00000025220	Oga	3057.504	3520.657
ENSMUSG00000025221	Kcnip2	1411.999	1568.001
ENSMUSG00000025223	Ldb1	711	942
ENSMUSG00000025224	Gbf1	821.497	867.807
ENSMUSG00000025225	Nfkb2	14	13.544
ENSMUSG00000025226	Fbxl15	68	120
ENSMUSG00000025227	Mfsd13a	209.636	196.602
ENSMUSG00000025228	Actr1a	1292.999	2015.337
ENSMUSG00000025229	Pitx3	0	0
ENSMUSG00000025231	Sufu	151	83
ENSMUSG00000026931	1700019N19Rik	9	3
ENSMUSG00000032648	Pygm	100	159
ENSMUSG00000032702	Kank1	149	218
ENSMUSG00000032773	Chrm1	988.24	1177.335
ENSMUSG00000032808	Cyp2c38	0	0
ENSMUSG00000032946	Rasgrp2	807.476	1144.951
ENSMUSG00000033033	Calhm2	19	30
ENSMUSG00000033053	1700028P14Rik	0	0
ENSMUSG00000033207	Mamdc2	8	17
ENSMUSG00000033417	Cacul1	773.001	897.001
ENSMUSG00000033478	Fam160b1	324	490
ENSMUSG00000033610	Pank1	260.256	214.672
ENSMUSG00000033717	Adra2a	20	43
ENSMUSG00000033760	Rbm4b	358.087	414.46
ENSMUSG00000033768	Nrxn2	1291.999	1299
ENSMUSG00000033863	Klf9	1765	2356
ENSMUSG00000034108	Ccs	56	108
ENSMUSG00000034117	Ptgdr2	0	0
ENSMUSG00000034321	Exosc1	78.999	80
ENSMUSG00000034336	Ina	423	775
ENSMUSG00000034371	Tkfc	50	63.001
ENSMUSG00000034445	Cyb561a3	90.999	129
ENSMUSG00000034459	Ifit1	15	21
ENSMUSG00000034616	Ssh3	210	286
ENSMUSG00000034659	Tmem109	199.001	264
ENSMUSG00000034765	Dusp5	36	59
ENSMUSG00000034820	Cpsf7	670	678.999
ENSMUSG00000035049	Rrp12	265	340
ENSMUSG00000035171	1110059E24Rik	185	226
ENSMUSG00000035173	Ccdc186	398	530
ENSMUSG00000035179	Ppp1r32	2	1
ENSMUSG00000035283	Adrb1	104.092	103.001
ENSMUSG00000035342	Lzts2	219	309.001
ENSMUSG00000035372	1810055G02Rik	61	64
ENSMUSG00000035735	Dagla	429	337
ENSMUSG00000035783	Acta2	720	1289
ENSMUSG00000035804	Ins1	0	0
ENSMUSG00000035818	Plekhs1	4	5
ENSMUSG00000035885	Cox8a	1235	1728
ENSMUSG00000036097	Slf2	1051.402	1026.269
ENSMUSG00000036098	Myrf	527	401
ENSMUSG00000036192	Rorb	533.49	559.611
ENSMUSG00000036278	Macrod1	16	23
ENSMUSG00000036372	Tmem258	108	175.999
ENSMUSG00000036450	Hif1an	423	494
ENSMUSG00000036748	Cuedc2	358.001	531
ENSMUSG00000036908	Unc93b1	91	113
ENSMUSG00000036961	Wnt8b	0	0
ENSMUSG00000037071	Scd1	1197.02	1404.206
ENSMUSG00000037126	Psd	2788	3379.456
ENSMUSG00000037263	Aldh3b3	0	0
ENSMUSG00000037349	Nudt22	18	24
ENSMUSG00000037418	Best1	5	1
ENSMUSG00000037451	Slc22a20	0	0
ENSMUSG00000037477	Tbx10	0	0
ENSMUSG00000037578	Pkd2l1	10	22
ENSMUSG00000037603	Gm5519	10	19
ENSMUSG00000037847	Nmrk1	250.319	233.253
ENSMUSG00000037916	Ndufv1	986.999	1258.001
ENSMUSG00000038155	Gstp2	11.128	11.009
ENSMUSG00000038274	Fau	910	1468.999
ENSMUSG00000038498	Catsper1	0	0
ENSMUSG00000038658	Ric1	865.88	919.001
ENSMUSG00000038754	Elovl3	0	0
ENSMUSG00000038812	Trmt112	106	222.001
ENSMUSG00000038843	Gcnt1	26	52
ENSMUSG00000039097	Rln1	4	5
ENSMUSG00000039126	Prune2	1023.815	1215.539
ENSMUSG00000039148	Sart1	261	427.999
ENSMUSG00000039330	Tsga10ip	0	0
ENSMUSG00000039652	Cpeb3	724	592
ENSMUSG00000039699	Batf2	1	0
ENSMUSG00000039901	Armh3	199	242
ENSMUSG00000039982	Dtx4	174	311
ENSMUSG00000040018	Cox15	194.002	220.227
ENSMUSG00000040022	Rab11fip2	937	1073
ENSMUSG00000040065	Pfpl	0	0
ENSMUSG00000040105	Plpp6	285	365
ENSMUSG00000040247	Tbc1d10c	7.531	14.553
ENSMUSG00000040385	Ppp1ca	1413.999	2289.999
ENSMUSG00000040414	Slc25a28	289.999	341
ENSMUSG00000040451	Sgms1	458.672	471.01
ENSMUSG00000040565	Btaf1	850.889	936
ENSMUSG00000040663	Clcf1	4	4
ENSMUSG00000040901	Kcnk18	0	0
ENSMUSG00000040913	Fbxw4	147	236
ENSMUSG00000040929	Rfx3	1606.668	1636.16
ENSMUSG00000041035	Gm17018	161	194
ENSMUSG00000041180	Hectd2	305.001	299
ENSMUSG00000041360	Pum3	251	299.003
ENSMUSG00000041362	Shtn1	490.033	783
ENSMUSG00000041488	Stx3	235.999	276.001
ENSMUSG00000041491	Cep78	97	73
ENSMUSG00000041731	Pgm5	26	40
ENSMUSG00000041845	Rhod	1	3
ENSMUSG00000041857	Oosp1	0	0
ENSMUSG00000042041	2010003K11Rik	0	0
ENSMUSG00000042179	Pnliprp1	0	0
ENSMUSG00000042248	Cyp2c37	0	0
ENSMUSG00000042372	Dmrt3	0	0
ENSMUSG00000042401	Crtac1	98	245
ENSMUSG00000042532	Golga7b	179.604	302.33
ENSMUSG00000042694	Stn1	117.999	145
ENSMUSG00000042729	Wdr74	104.001	193
ENSMUSG00000043488	Frmd8os	2	0
ENSMUSG00000043531	Sorcs1	755.999	1047
ENSMUSG00000043623	4933412A08Rik	0	0
ENSMUSG00000043639	Rbm20	45	60
ENSMUSG00000043789	Vwce	18.13	9.618
ENSMUSG00000043969	Emx2	21	41
ENSMUSG00000044026	Slc35g1	28.944	16.639
ENSMUSG00000044040	Olfr1497	0	0
ENSMUSG00000044065	Gm9788	1	0
ENSMUSG00000044220	Nkx2-3	0	0
ENSMUSG00000044345	Marveld1	78	71
ENSMUSG00000044387	2410080I02Rik	1	11
ENSMUSG00000044390	Tigd3	44.721	32
ENSMUSG00000044424	Gm9493	953.318	1542.021
ENSMUSG00000044441	Olfr1442	0	0
ENSMUSG00000044724	Gpr152	2	0
ENSMUSG00000044948	Cfap43	1	0
ENSMUSG00000044994	Olfr1426	0	0
ENSMUSG00000045030	Olfr1443	0	0
ENSMUSG00000045045	Lrfn4	264	347
ENSMUSG00000045052	Prlhr	43	52
ENSMUSG00000045098	Kmt5b	1007.545	1084.571
ENSMUSG00000045104	Ldhb-ps	1141	2163
ENSMUSG00000045126	Olfr1445	0	0
ENSMUSG00000045395	Olfr1499	0	0
ENSMUSG00000045664	Cdc42ep2	144.264	198.824
ENSMUSG00000045678	Olfr1489	166.934	90
ENSMUSG00000045826	Ptprcap	0	0
ENSMUSG00000045883	Olfr1461	0	0
ENSMUSG00000045903	Npas4	109	93.999
ENSMUSG00000045932	Ifit2	65	69
ENSMUSG00000046008	Pnlip	0	4
ENSMUSG00000046138	9930021J03Rik	901	1316
ENSMUSG00000046139	Patl1	155	116
ENSMUSG00000046230	Vps13a	1368.568	1678.088
ENSMUSG00000046272	Olfr1444	0	0
ENSMUSG00000046324	Ermp1	664.421	950.384
ENSMUSG00000046388	Gm9806	0	0
ENSMUSG00000046585	Cfap58	0	0
ENSMUSG00000046650	Olfr1440	93.066	44
ENSMUSG00000046805	Mpeg1	209	298
ENSMUSG00000046913	Olfr1451	0	0
ENSMUSG00000047044	D030056L22Rik	145	169
ENSMUSG00000047168	Gm6684	9	12
ENSMUSG00000047207	Olfr1495	0	0
ENSMUSG00000047298	Kcnv2	1	0
ENSMUSG00000047368	Abhd17b	380	370
ENSMUSG00000047379	B4gat1	519.914	784.002
ENSMUSG00000047423	AI837181	155	345
ENSMUSG00000047509	Gm6776	147	226
ENSMUSG00000047604	Frat2	29.515	39
ENSMUSG00000047632	Fgfbp3	36	29
ENSMUSG00000047656	Trpt1	52	59
ENSMUSG00000047658	Gal3st3	290.844	194.855
ENSMUSG00000047731	Wbp1l	317.317	235.853
ENSMUSG00000047733	Tmem262	0	0
ENSMUSG00000047787	Flrt1	484.19	394.45
ENSMUSG00000047810	Ccdc88b	24	25
ENSMUSG00000048029	Eno4	12	22
ENSMUSG00000048120	Entpd1	100	186
ENSMUSG00000048138	Dmrt2	0	5
ENSMUSG00000048292	Olfr1417	0	0
ENSMUSG00000048356	Olfr1496	0	0
ENSMUSG00000048456	Olfr1448	0	0
ENSMUSG00000048572	Tmem252	49.978	20.329
ENSMUSG00000048612	Myof	47	48
ENSMUSG00000048720	Tbc1d12	229	288
ENSMUSG00000048832	Vps37c	106	160
ENSMUSG00000049015	Olfr1467	2	0
ENSMUSG00000049134	Nrap	14	30
ENSMUSG00000049164	Zfp518a	198	329
ENSMUSG00000049303	Syt12	369.688	529.328
ENSMUSG00000049498	Olfr1449	0	0
ENSMUSG00000049562	Ap5b1	39	27
ENSMUSG00000049670	Morn4	159	324
ENSMUSG00000050121	Opalin	384	579
ENSMUSG00000050195	Scd4	44	35.029
ENSMUSG00000050370	Ch25h	0	4
ENSMUSG00000050623	Catsperz	0	1
ENSMUSG00000050815	Olfr1441	0	0
ENSMUSG00000050865	Olfr1494	0	0
ENSMUSG00000050957	Insl6	1	0
ENSMUSG00000051133	Gm6293	39	66
ENSMUSG00000051156	Olfr1491	0	0
ENSMUSG00000051255	Gm6563	100	156
ENSMUSG00000051490	Foxd4	0	0
ENSMUSG00000051548	Gm6365	141	243
ENSMUSG00000051984	Sec31b	1	3
ENSMUSG00000052085	Dock8	44	87
ENSMUSG00000052188	Gm14964	6	13
ENSMUSG00000052387	Trpm3	1007.957	1105.391
ENSMUSG00000052562	Slc22a30	17.328	13.803
ENSMUSG00000052595	A1cf	0	0
ENSMUSG00000052920	Prkg1	437.915	349.828
ENSMUSG00000052942	Glis3	49.327	40.357
ENSMUSG00000053080	2700081O15Rik	203	192
ENSMUSG00000053117	E330013P04Rik	0	0
ENSMUSG00000053279	Aldh1a1	86.001	215
ENSMUSG00000053303	Slc22a26	0	0
ENSMUSG00000053536	Cstf2t	965	1199
ENSMUSG00000053617	Sh3pxd2a	700.064	740.463
ENSMUSG00000053799	Exoc6	536	696
ENSMUSG00000054200	Ffar4	0	0
ENSMUSG00000054237	Fra10ac1	110	132
ENSMUSG00000054523	Ms4a5	0	0
ENSMUSG00000054526	Olfr1500	29.154	12.815
ENSMUSG00000054611	Kdm2a	1013.825	1250.183
ENSMUSG00000054827	Cyp2c50	0	0
ENSMUSG00000054843	Atrnl1	769	1342
ENSMUSG00000054874	Pcnx3	495	455.001
ENSMUSG00000054999	Naaladl1	0	0
ENSMUSG00000055044	Pdlim1	36.824	53.893
ENSMUSG00000055491	Pprc1	138	147
ENSMUSG00000055523	Gucy2g	0	17
ENSMUSG00000055895	Oosp2	5	0
ENSMUSG00000055933	Oosp3	0	0
ENSMUSG00000056078	Lipm	0	0
ENSMUSG00000056185	Snx32	415	573.145
ENSMUSG00000056201	Cfl1	2225	3706.278
ENSMUSG00000056209	Npm3	22	15
ENSMUSG00000056290	Ms4a4b	1	1
ENSMUSG00000056481	Cd248	6	4
ENSMUSG00000056612	Ppp1r14b	77	110
ENSMUSG00000056629	Fkbp2	141	237
ENSMUSG00000056829	Foxb2	0	0
ENSMUSG00000056858	Olfr1502	0	0
ENSMUSG00000056917	Sipa1	52	54
ENSMUSG00000056999	Ide	803.128	664
ENSMUSG00000057240	Ms4a13	0	0
ENSMUSG00000057270	Olfr1501	1.27	0
ENSMUSG00000057503	Olfr1459	132	85
ENSMUSG00000057506	Bloc1s2	107	164
ENSMUSG00000057605	Gm6807	1547.684	2233.596
ENSMUSG00000057817	Olfr1446	0	0
ENSMUSG00000057858	Fam204a	327	354.001
ENSMUSG00000057990	E030024N20Rik	1218.592	2059.063
ENSMUSG00000058078	Olfr1503-ps1	0	0
ENSMUSG00000058216	Gstp3	0	0
ENSMUSG00000058470	Gm8369	10.091	2.412
ENSMUSG00000058607	Rpl31-ps20	879.967	1543.158
ENSMUSG00000058624	Gda	3612.657	4202.888
ENSMUSG00000058816	Ppp1r2-ps3	645	845
ENSMUSG00000058927	Gm10053	714	1038
ENSMUSG00000059105	Olfr1504	0	0
ENSMUSG00000059326	Csf2ra	90.555	106.539
ENSMUSG00000059363	Fxn	190.51	175.046
ENSMUSG00000059734	Ndufs8	318	499.001
ENSMUSG00000060049	Olfr235	0	0
ENSMUSG00000060224	Pyroxd2	8	6
ENSMUSG00000060303	Olfr1447	0	0
ENSMUSG00000060556	Olfr1418	0	0
ENSMUSG00000060613	Cyp2c70	0	0
ENSMUSG00000060675	Plaat3	467	690.001
ENSMUSG00000060803	Gstp1	1007.871	1445.991
ENSMUSG00000060878	Olfr1420	0	0
ENSMUSG00000061132	Blnk	39.105	21.975
ENSMUSG00000061387	Olfr1490	0	0
ENSMUSG00000061451	Tmem151a	553	825.001
ENSMUSG00000061637	Olfr1457	1	0
ENSMUSG00000061742	Slc22a12	0	4
ENSMUSG00000062083	Rpl13a-ps1	1544	2592
ENSMUSG00000062199	Olfr1465	0	0
ENSMUSG00000062314	Olfr1505	14	3
ENSMUSG00000062376	Borcs7	125.506	145.573
ENSMUSG00000062432	Cyp26c1	0	0
ENSMUSG00000062456	Rpl9-ps6	2377	3311
ENSMUSG00000062488	Ifit3b	74.005	65.843
ENSMUSG00000062624	Cyp2c67	0	0
ENSMUSG00000062844	Olfr1458	0	0
ENSMUSG00000062892	Olfr1450	0	0
ENSMUSG00000063434	Sorcs3	840	872
ENSMUSG00000063586	Gm5513	666.281	1192.596
ENSMUSG00000063590	Slc22a28	0	0
ENSMUSG00000063683	Glyat	5	0
ENSMUSG00000063698	Sfxn4	132	99.021
ENSMUSG00000063754	Gm10136	1020	1752
ENSMUSG00000063777	Olfr1469	212.54	89.089
ENSMUSG00000063796	Slc22a8	140.595	67.828
ENSMUSG00000063904	Dpp3	225.001	313
ENSMUSG00000064032	Gm10143	11.007	3
ENSMUSG00000064105	Cnnm2	369	294
ENSMUSG00000064202	4430402I18Rik	21	18
ENSMUSG00000064400	Gm23927	410	1925.448
ENSMUSG00000064646	Gm23300	5	8
ENSMUSG00000064721	Gm25855	0	0
ENSMUSG00000064783	Gm22684	0	0
ENSMUSG00000064824	Gm22443	0	0
ENSMUSG00000064843	Gm26207	0	0
ENSMUSG00000064941	Gm23238	7849	17101
ENSMUSG00000065087	Snord22	57.573	66.517
ENSMUSG00000065143	Gm25644	0	0
ENSMUSG00000065159	Gm25482	0	0
ENSMUSG00000065204	Gm24610	0	1
ENSMUSG00000065280	Gm24453	0	0
ENSMUSG00000065281	Gm24452	0	0
ENSMUSG00000065305	Gm23246	0	0
ENSMUSG00000065378	Gm22744	0	0
ENSMUSG00000065380	Gm23095	12	25.859
ENSMUSG00000065392	Gm25894	0	0
ENSMUSG00000065507	Mir204	0	0
ENSMUSG00000065523	Mir192	0	0
ENSMUSG00000065556	Mir101b	0	0
ENSMUSG00000065582	Mir194-2	0	0
ENSMUSG00000065594	Mir107	0	0
ENSMUSG00000065634	Gm24252	0	0
ENSMUSG00000065782	Gm22680	0	0
ENSMUSG00000065892	Gm24521	0	1.252
ENSMUSG00000067038	Rps12-ps3	763	1289
ENSMUSG00000067063	Gm6990	76	126
ENSMUSG00000067085	Gm10197	0	0
ENSMUSG00000067199	Frat1	156.935	241
ENSMUSG00000067225	Cyp2c54	0	0
ENSMUSG00000067229	Cyp2c66	0	0
ENSMUSG00000067231	Cyp2c65	0	0
ENSMUSG00000067242	Lgi1	1239.789	1455.253
ENSMUSG00000067279	Ppp1r3c	312	470
ENSMUSG00000067297	Ifit1bl2	5	4
ENSMUSG00000067351	Rps15a-ps2	420	545
ENSMUSG00000067482	Olfr1456-ps1	8.816	1.398
ENSMUSG00000067513	Olfr1436	0	0
ENSMUSG00000067519	Olfr262	0	0
ENSMUSG00000067522	Olfr76	0	0
ENSMUSG00000067524	Olfr1428	0	0
ENSMUSG00000067525	Olfr1427	0	0
ENSMUSG00000067526	Olfr1425	0	0
ENSMUSG00000067528	Olfr1424	0	0
ENSMUSG00000067529	Olfr1423	50.183	50.202
ENSMUSG00000067545	Olfr1419	27.158	19.675
ENSMUSG00000067555	Gm10212	0	0
ENSMUSG00000067571	Ms4a15	0	0
ENSMUSG00000067577	A430093F15Rik	3	1
ENSMUSG00000067608	Pcna-ps2	164	247
ENSMUSG00000067656	Slc22a27	0	0
ENSMUSG00000067872	Ccdc87	9	8
ENSMUSG00000067889	Sptbn2	6285.001	8027
ENSMUSG00000068466	Gm5518	301.116	606.736
ENSMUSG00000069475	Gm6020	0	0
ENSMUSG00000069554	I830134H01Rik	99.924	71.085
ENSMUSG00000069833	Ahnak	1414	1957
ENSMUSG00000070127	Mir146b	0	0
ENSMUSG00000070167	Snora57	5	14
ENSMUSG00000070263	Gm22365	0	0
ENSMUSG00000071497	Nutf2-ps1	129	205
ENSMUSG00000071528	Atp5md	885.809	1217.118
ENSMUSG00000071573	Rnls	8	27
ENSMUSG00000071604	Fam189a2	65	91
ENSMUSG00000071629	Olfr1477	0	0
ENSMUSG00000071633	Gm4952	0	0
ENSMUSG00000071640	Stxbp3-ps	65	99
ENSMUSG00000071644	Eef1g	1865.971	2404.945
ENSMUSG00000071645	Tut1	170.999	272
ENSMUSG00000071646	Mta2	336	443
ENSMUSG00000071647	Eml3	63	76
ENSMUSG00000071648	Rom1	18	53
ENSMUSG00000071649	B3gat3	316.11	647.001
ENSMUSG00000071650	Ganab	908.724	1169.977
ENSMUSG00000071652	Ints5	156.792	167
ENSMUSG00000071653	1810009A15Rik	53.759	115.153
ENSMUSG00000071654	Uqcc3	75	90
ENSMUSG00000071655	Ubxn1	227	454.001
ENSMUSG00000071656	Lrrn4cl	144.572	118.445
ENSMUSG00000071657	Bscl2	441.966	558.953
ENSMUSG00000071658	Gng3	229	346
ENSMUSG00000071659	Hnrnpul2	1273.556	1732
ENSMUSG00000071660	Ttc9c	214.068	277.006
ENSMUSG00000071661	Zbtb3	26	81
ENSMUSG00000071662	Polr2g	281	245
ENSMUSG00000071691	Gm960	20	28
ENSMUSG00000072437	Nanos1	342	510
ENSMUSG00000074733	Zfp950	1264.999	1105
ENSMUSG00000074746	Pdzd8	1172	1647
ENSMUSG00000074811	Hps6	37	59
ENSMUSG00000074818	Pdzd7	40	33
ENSMUSG00000074852	Hpse2	1	5
ENSMUSG00000074882	Cyp2c68	0	0
ENSMUSG00000074896	Ifit3	55.438	109.416
ENSMUSG00000074909	Ranbp6	579	805
ENSMUSG00000074913	Gm815	0	0
ENSMUSG00000074922	Fam122a	23	36
ENSMUSG00000074925	Ptar1	980.853	978.475
ENSMUSG00000075010	AW112010	1	7
ENSMUSG00000075044	Slc22a29	0	0
ENSMUSG00000075227	Znhit2	84	156
ENSMUSG00000075268	Gm10819	545	1045
ENSMUSG00000075289	Carns1	73.346	122.584
ENSMUSG00000075296	Aldh3b2	2	0
ENSMUSG00000075908	Gm23940	0	0
ENSMUSG00000076136	Gm24951	14	17
ENSMUSG00000076300	Gm23060	0	0
ENSMUSG00000076303	Gm23061	0	0
ENSMUSG00000076305	Gm23063	0	0
ENSMUSG00000076323	Gm26339	0	0
ENSMUSG00000076370	Gm22369	1	0
ENSMUSG00000077055	Gm24543	0	0
ENSMUSG00000077205	Gm25611	0	0
ENSMUSG00000077223	Gm22271	0	0
ENSMUSG00000077227	Gm22272	0	0
ENSMUSG00000077291	Gm24124	0	0
ENSMUSG00000077391	Gm24336	4	6
ENSMUSG00000077768	Gm25216	0	0
ENSMUSG00000078528	Gm17068	257.736	559.927
ENSMUSG00000079258	Calhm1	0	0
ENSMUSG00000079339	Ifit1bl1	10	24
ENSMUSG00000079342	Lipo1	0	0
ENSMUSG00000079344	Lipo4	0	0
ENSMUSG00000079382	Gm3443	6.001	5.214
ENSMUSG00000079415	Cntf	10	0
ENSMUSG00000079419	Ms4a6c	9	13
ENSMUSG00000079467	Gm14966	0	0
ENSMUSG00000079478	Znrd2	55.307	85.601
ENSMUSG00000080268	Brms1	75.305	188.692
ENSMUSG00000080544	Gm22714	0	0
ENSMUSG00000080626	Mir1192	0	0
ENSMUSG00000080659	Gm24484	0	0
ENSMUSG00000080678	Gm23334	0	0
ENSMUSG00000080783	Gm8250	128.4	154.871
ENSMUSG00000080885	Rpl10-ps6	1333	1985
ENSMUSG00000081596	Gm15968	32	34
ENSMUSG00000082107	Gm16216	12	1
ENSMUSG00000082848	Gm16066	58.501	27.305
ENSMUSG00000083036	Gm15959	0	0
ENSMUSG00000083160	Gm15967	31	14
ENSMUSG00000083282	Ctsf	391.001	540.999
ENSMUSG00000083458	Gm5510	74	122
ENSMUSG00000084221	Hmgb1-ps4	64.865	85.264
ENSMUSG00000084432	Gm23426	0	0
ENSMUSG00000084512	Gm22482	0	0
ENSMUSG00000084589	Gm25176	0	0
ENSMUSG00000084641	n-R5s21	0	0
ENSMUSG00000084675	Gm26026	0	0
ENSMUSG00000084742	n-R5s19	0	0
ENSMUSG00000084825	2410152P15Rik	0	0
ENSMUSG00000084836	Gm16274	0	0
ENSMUSG00000084876	Gm14965	1	0
ENSMUSG00000084957	Bbip1	356.92	454.659
ENSMUSG00000084981	Gm15962	3	1
ENSMUSG00000085003	Pip5k1bos	0	0
ENSMUSG00000085196	Gm14963	140.62	94.469
ENSMUSG00000085285	Gm14968	0	0
ENSMUSG00000085924	Gm8980	0	0
ENSMUSG00000085934	Gm8988	0	0
ENSMUSG00000086107	Gm16312	0	0
ENSMUSG00000086121	Gm16068	0	2
ENSMUSG00000086174	Gm6425	454	711
ENSMUSG00000086213	A330040F15Rik	1	0
ENSMUSG00000086812	Gm8978	0	0
ENSMUSG00000086816	Gm16726	0	0
ENSMUSG00000086875	Lipo5	0	1
ENSMUSG00000086938	4930481A15Rik	16	12
ENSMUSG00000087002	Gm16277	1	0
ENSMUSG00000087095	Emx2os	33	27
ENSMUSG00000087112	Gm7237	0	0
ENSMUSG00000087132	A930001C03Rik	0	0
ENSMUSG00000087303	Lipo2	13.634	17.096
ENSMUSG00000087367	Gm15491	0	0
ENSMUSG00000087579	Hectd2os	10.185	17.104
ENSMUSG00000087783	Gm23170	0	0
ENSMUSG00000087830	Gm22820	0	0
ENSMUSG00000087937	Gm26046	0	0
ENSMUSG00000087956	Gm22561	0	0
ENSMUSG00000088027	Gm22144	0	0
ENSMUSG00000088212	Gm22082	0	0
ENSMUSG00000088220	Gm22601	0	0
ENSMUSG00000088266	Gm24782	0	0
ENSMUSG00000088310	Gm26183	0	2
ENSMUSG00000088370	Gm22880	0	0
ENSMUSG00000088490	Gm24400	0	0
ENSMUSG00000088525	Gm26085	0	0
ENSMUSG00000088558	Gm22506	0	0
ENSMUSG00000088598	Gm24599	0	0
ENSMUSG00000088601	Gm24190	0	0
ENSMUSG00000088661	Gm25334	0	0
ENSMUSG00000088680	Gm23997	0	0
ENSMUSG00000088855	Gm24724	0	0
ENSMUSG00000088894	Gm22520	0	0
ENSMUSG00000088907	Gm25437	0	0
ENSMUSG00000088909	Gm50111	0	0
ENSMUSG00000088940	Gm24930	0	0
ENSMUSG00000089004	Gm23857	0	0
ENSMUSG00000089016	Gm24883	0	0
ENSMUSG00000089087	Gm24006	0	0
ENSMUSG00000089094	Gm25659	0	0
ENSMUSG00000089102	Gm23113	0	0
ENSMUSG00000089143	Gm25268	0	0
ENSMUSG00000089151	Mir1950	0	0
ENSMUSG00000089377	Gm22135	0	0
ENSMUSG00000089397	Gm23026	0	0
ENSMUSG00000089545	Gm25838	0	0
ENSMUSG00000089598	Gm26158	0	0
ENSMUSG00000089625	Gm25443	0	0
ENSMUSG00000089679	Gm16299	25	11
ENSMUSG00000089766	Gm16538	0	0
ENSMUSG00000089807	Gm16298	290.991	399.046
ENSMUSG00000089952	4933413C19Rik	7	13
ENSMUSG00000089993	Gm5822	1682.189	2263.631
ENSMUSG00000090041	Gm16027	2	0
ENSMUSG00000090117	Gm16541	0	0
ENSMUSG00000090147	Gm3329	12	11
ENSMUSG00000090235	Gm16244	59	34
ENSMUSG00000090291	Lrrc10b	562.309	834.602
ENSMUSG00000090369	4933411K16Rik	0	0
ENSMUSG00000090737	Gm6788	157	153
ENSMUSG00000090840	1700092M07Rik	0	3
ENSMUSG00000090965	Gm17203	33	27
ENSMUSG00000090990	Gm17197	0	0
ENSMUSG00000091014	Gm5244	817	1361
ENSMUSG00000091230	H1f11-ps	4	6
ENSMUSG00000091378	Gm4219	7	0
ENSMUSG00000091410	Gm17150	549	622
ENSMUSG00000091471	Gm20538	0	0
ENSMUSG00000091558	Gm17227	0	0
ENSMUSG00000092008	Cyp2c69	0	0
ENSMUSG00000092182	Gm20407	0	0
ENSMUSG00000092250	Gm20467	0	0
ENSMUSG00000092274	Neat1	870.362	984.492
ENSMUSG00000092341	Malat1	123042.988	140147.903
ENSMUSG00000092346	Tlx1os	0	0
ENSMUSG00000092369	1700039E22Rik	0	0
ENSMUSG00000092469	Gm20395	0	0
ENSMUSG00000092617	Gm8412	17.384	24.532
ENSMUSG00000092655	Gm25238	0	0
ENSMUSG00000092715	Gm22853	0	0
ENSMUSG00000092802	Gm26460	21.988	8.918
ENSMUSG00000092813	Mir3086	0	0
ENSMUSG00000092871	Gm22646	1.018	0
ENSMUSG00000092966	Gm22240	0	0
ENSMUSG00000092994	Gm23918	0	0
ENSMUSG00000093234	Mir3085	0	0
ENSMUSG00000093236	Gm24108	0	0
ENSMUSG00000093303	Gm23800	0	0
ENSMUSG00000093314	Mir5136	0	0
ENSMUSG00000093315	Mir5114	0	0
ENSMUSG00000093346	Gm26115	0	0
ENSMUSG00000093373	Gm23075	0	0
ENSMUSG00000093525	Gm8974	41	109
ENSMUSG00000093610	Cyp2c53-ps	0	0
ENSMUSG00000093628	Gm20616	0	0
ENSMUSG00000093757	Mir5623	0	0
ENSMUSG00000093772	4931403E22Rik	0	0
ENSMUSG00000093983	Gm25431	0	0
ENSMUSG00000094077	Gm22323	0	0
ENSMUSG00000094133	Olfr1431	1	0
ENSMUSG00000094219	Calhm3	0	0
ENSMUSG00000094281	Gm8034	0	0
ENSMUSG00000094388	Gm8783	155	171
ENSMUSG00000094400	Gm23140	2	9.889
ENSMUSG00000094584	Ms4a18	0	0
ENSMUSG00000094649	Gm7102	147	117
ENSMUSG00000094707	A830019P07Rik	4	12
ENSMUSG00000094721	Olfr1462	0	0
ENSMUSG00000094732	1500015L24Rik	16	10
ENSMUSG00000094755	Olfr1453	0	0
ENSMUSG00000094846	Olfr1487	12.971	2.227
ENSMUSG00000094850	Gm24319	0	0
ENSMUSG00000094936	Rbm4	596.457	750.865
ENSMUSG00000094986	Olfr1454	0	0
ENSMUSG00000095097	Gm23658	0	0
ENSMUSG00000095098	Ccdc85b	219	533
ENSMUSG00000095189	Olfr1472	0	0
ENSMUSG00000095484	Olfr1480	0	0
ENSMUSG00000095640	Olfr1434	0	0
ENSMUSG00000095690	Rab11b-ps2	220	279
ENSMUSG00000095913	Gm21844	1	0
ENSMUSG00000095993	Gm21060	10	8
ENSMUSG00000096249	Gm24263	0	0
ENSMUSG00000096273	Olfr1474	0	0
ENSMUSG00000096289	Olfr1484	2.14	5.776
ENSMUSG00000096298	Gm23931	2	0
ENSMUSG00000096320	Olfr1471	3	3
ENSMUSG00000096365	Olfr1463	2	0
ENSMUSG00000096370	Gm21992	229.816	361.753
ENSMUSG00000096436	Olfr1437	5	3
ENSMUSG00000096485	Olfr1466	0	0
ENSMUSG00000096578	Gm9529	21	31
ENSMUSG00000096704	Gm24805	0	0
ENSMUSG00000096708	Olfr1475	0	0
ENSMUSG00000096740	Lbhd1	41.343	49.848
ENSMUSG00000096774	Gm22113	0	0
ENSMUSG00000096796	1700021P04Rik	0	0
ENSMUSG00000096818	Gm29231	0	0
ENSMUSG00000096872	Scgb2a2	0	0
ENSMUSG00000097091	4930526L06Rik	3	2
ENSMUSG00000097233	Gm17552	13	5
ENSMUSG00000097404	Gm10814	4	5
ENSMUSG00000097446	Gm26629	3	0
ENSMUSG00000097557	C130060C02Rik	8	0
ENSMUSG00000097558	Gm26902	2	0
ENSMUSG00000097591	A330032B11Rik	86.694	25.508
ENSMUSG00000097636	Mirt1	1	9
ENSMUSG00000097646	Gm26864	0	3
ENSMUSG00000097683	Gm26644	7.673	4.361
ENSMUSG00000097690	4930505N22Rik	2	0
ENSMUSG00000097719	Rpl31-ps18	65.033	93.842
ENSMUSG00000097735	D930032P07Rik	21	52
ENSMUSG00000097740	E030044B06Rik	0	3
ENSMUSG00000097779	4833407H14Rik	0	0
ENSMUSG00000097785	B230217O12Rik	42	49
ENSMUSG00000097787	2700046G09Rik	39	34
ENSMUSG00000097792	Gm27042	0	0
ENSMUSG00000097855	A930007I19Rik	12	10
ENSMUSG00000097930	C330002G04Rik	8.258	1.98
ENSMUSG00000097937	Gm6967	23.569	20.743
ENSMUSG00000097950	Gm17800	0	0
ENSMUSG00000097990	Gm19557	2	0
ENSMUSG00000098010	Gm21542	0	0
ENSMUSG00000098069	Gm26942	0	0
ENSMUSG00000098074	Gm26993	0	0
ENSMUSG00000098091	Gm16470	4501.395	7919.04
ENSMUSG00000098105	Gm8825	1226.3	1846.29
ENSMUSG00000098286	Mir8091	0	0
ENSMUSG00000098289	Mir6715	0	0
ENSMUSG00000098293	Mir6991	0	0
ENSMUSG00000098298	Gm27970	0	0
ENSMUSG00000098346	Mir6986	0	0
ENSMUSG00000098363	Mir6993	0	0
ENSMUSG00000098413	Mir6990	0	0
ENSMUSG00000098462	Gm27694	0	0
ENSMUSG00000098507	Gm27935	0	0
ENSMUSG00000098543	Gm27533	0	0
ENSMUSG00000098568	Mir6987	0	0
ENSMUSG00000098670	Gm27818	0	0
ENSMUSG00000098718	Mir496b	0	0
ENSMUSG00000098730	Mir6407	0	0
ENSMUSG00000098739	Gm27151	0	0
ENSMUSG00000098742	Gm27476	0	0
ENSMUSG00000098770	Gm27440	1	0
ENSMUSG00000098786	Mir6995	0	0
ENSMUSG00000098803	Gm27468	0	0
ENSMUSG00000098844	Mir6992	0	0
ENSMUSG00000098865	Gm27702	0	0
ENSMUSG00000098916	Gm27749	0	0
ENSMUSG00000098928	Mir6988	0	0
ENSMUSG00000098952	Mir6405	0	0
ENSMUSG00000098974	Gm27505	0	0
ENSMUSG00000098986	Gm28006	0	0
ENSMUSG00000099069	Mir8090	0	0
ENSMUSG00000099118	Mir8092	0	0
ENSMUSG00000099230	Mir6989	0	0
ENSMUSG00000099261	Mir6984	0	0
ENSMUSG00000099290	Mir6985	0	0
ENSMUSG00000099316	Gm27796	0	0
ENSMUSG00000099398	Ms4a14	0	0
ENSMUSG00000099655	2310034G01Rik	12	4
ENSMUSG00000099678	Gm28351	0	0
ENSMUSG00000099746	Ppnr	26.071	4.822
ENSMUSG00000099757	BE692007	24.551	29
ENSMUSG00000099923	1700105P06Rik	3	5
ENSMUSG00000099988	1700054A03Rik	0	0
ENSMUSG00000099998	Gm6501	162	178
ENSMUSG00000100001	1810007D17Rik	0	2
ENSMUSG00000100075	1700018L02Rik	3	8
ENSMUSG00000100119	2700089I24Rik	3.057	2
ENSMUSG00000100141	Gm6445	114.36	114.165
ENSMUSG00000100392	Gm28935	0	0
ENSMUSG00000100417	Gm28578	134.457	62.039
ENSMUSG00000100529	Gm19261	0	0
ENSMUSG00000100615	Gm5511	1100	2045
ENSMUSG00000100621	Gm28374	0	0
ENSMUSG00000100918	Gm19224	4	0
ENSMUSG00000100937	1700020D05Rik	23	15
ENSMUSG00000100969	1700030N03Rik	4	0
ENSMUSG00000101024	Gm5692	0	0
ENSMUSG00000101031	Ms4a12	31	26
ENSMUSG00000101079	Gm28991	0	0
ENSMUSG00000101084	Gm28228	0	0
ENSMUSG00000101088	1810018F18Rik	0	0
ENSMUSG00000101089	2610016A17Rik	0	0
ENSMUSG00000101264	Gm28347	0	0
ENSMUSG00000101389	Ms4a4a	0	5
ENSMUSG00000101398	Gm2617	0	0
ENSMUSG00000101439	Gm336	268	381
ENSMUSG00000101630	Gm29261	1.797	0
ENSMUSG00000101966	Gm5248	165	197
ENSMUSG00000102057	Gm29594	0	0
ENSMUSG00000102349	Gm37376	139.573	121.818
ENSMUSG00000102353	Gm38345	3	0
ENSMUSG00000103488	Gm37997	0	0
ENSMUSG00000103651	Gm37206	203	94
ENSMUSG00000104088	Gm38275	7	1
ENSMUSG00000104884	Mir5046	0	0
ENSMUSG00000104890	Mir3084-1	0	0
ENSMUSG00000104921	Gm23927	0	295.552
ENSMUSG00000104979	Mir6994	0	0
ENSMUSG00000105709	Gm42723	0	0
ENSMUSG00000106278	Mir3970	0	0
ENSMUSG00000108414	Snhg1	129.427	154.484
ENSMUSG00000108881	Gm44849	0	0
ENSMUSG00000108887	Olfr1479-ps1	0	0
ENSMUSG00000108889	Olfr1555-ps1	22	15.663
ENSMUSG00000108929	Cc2d2b	0	0
ENSMUSG00000108945	Olfr1481-ps1	0	0
ENSMUSG00000108947	Olfr1422-ps1	0	0
ENSMUSG00000108966	Gm45119	0	0
ENSMUSG00000108974	Olfr1483-ps1	0	0
ENSMUSG00000109007	Olfr1439-ps1	0	0
ENSMUSG00000109022	Olfr1432	11.172	7.708
ENSMUSG00000109030	Olfr1421-ps1	2	0
ENSMUSG00000109047	Gm45115	0	0
ENSMUSG00000109100	Olfr1464-ps1	0	0
ENSMUSG00000109126	Olfr1455-ps1	0	0
ENSMUSG00000109148	Olfr1452-ps1	0	0
ENSMUSG00000109184	Olfr1478-ps1	0	0
ENSMUSG00000109189	Olfr1476-ps1	0	0
ENSMUSG00000109223	Gm45116	0	0
ENSMUSG00000109229	Gm44858	0	0
ENSMUSG00000109230	Olfr1470-ps1	0	0
ENSMUSG00000109285	Olfr1488-ps1	0	0
ENSMUSG00000109309	Gm49772	0	0
ENSMUSG00000109319	Olfr1482-ps1	0	0
ENSMUSG00000109328	Olfr1438-ps1	31.968	16.641
ENSMUSG00000109343	Olfr1486-ps1	0	0
ENSMUSG00000109410	Olfr1430-ps1	0	0
ENSMUSG00000109415	Olfr1460-ps1	0	0
ENSMUSG00000109417	Gm44859	0	0
ENSMUSG00000109433	Olfr1435-ps1	0	0
ENSMUSG00000109496	Olfr1485-ps1	0	0
ENSMUSG00000109520	Olfr1493-ps1	0	0
ENSMUSG00000109527	Olfr1492-ps1	0	0
ENSMUSG00000109530	Olfr1498-ps1	0	0
ENSMUSG00000109544	Olfr1468-ps1	0	0
ENSMUSG00000109573	Olfr1473-ps1	0	0
ENSMUSG00000109695	Gm31166	17	8
ENSMUSG00000110007	Gm45352	0	0
ENSMUSG00000110156	Gm42067	11	27
ENSMUSG00000110210	Gm33756	0	0
ENSMUSG00000110298	Gm8189	4	1
ENSMUSG00000110949	Nudt8	22.806	27.637
ENSMUSG00000111118	Gm6545	3	1
ENSMUSG00000112693	Gm5512	144	157
ENSMUSG00000114220	Gm10353	1	0
ENSMUSG00000114235	F530104D19Rik	281.795	188.98
ENSMUSG00000114285	Gm47773	8	3
ENSMUSG00000114302	Gm48683	0	0
ENSMUSG00000114315	Gm48696	0	0
ENSMUSG00000114409	Gm9042	161	408.052
ENSMUSG00000114443	Gm19241	183	280
ENSMUSG00000114469	C730002L08Rik	1	1
ENSMUSG00000114610	Cyp2c52-ps	3	0
ENSMUSG00000114644	Gm47243	0	0
ENSMUSG00000114673	1700016H03Rik	1	0
ENSMUSG00000114682	Gm48775	0	0
ENSMUSG00000114721	Gm47938	0	0
ENSMUSG00000114742	Gm47936	2	6
ENSMUSG00000114761	Gm47242	0	0
ENSMUSG00000114772	2210404E10Rik	0	0
ENSMUSG00000114796	A930028N01Rik	0	0
ENSMUSG00000114859	Gm47735	2	4
ENSMUSG00000114931	Gm32256	880	1403
ENSMUSG00000116166	Gm49403	0	0
ENSMUSG00000116347	Gm49416	1.336	0
ENSMUSG00000117655	6720468P15Rik	0	0
ENSMUSG00000117659	Gm50339	0	0
ENSMUSG00000117664	Gm36860	0	0
ENSMUSG00000117666	Gm550	0	0
ENSMUSG00000117667	Gm18293	10	13
ENSMUSG00000117670	Gm50270	1	0
ENSMUSG00000117675	Gm46644	2	0
ENSMUSG00000117681	Gm50198	0	0
ENSMUSG00000117682	Gm18379	52	124
ENSMUSG00000117684	4930449E18Rik	0	0
ENSMUSG00000117685	Gm50299	0	0
ENSMUSG00000117687	Gm50182	0	0
ENSMUSG00000117690	Gm50430	0	0
ENSMUSG00000117691	Gm50319	0	0
ENSMUSG00000117692	Gm50114	5	0
ENSMUSG00000117693	Gm50272	0	0
ENSMUSG00000117695	Gm31912	0	4
ENSMUSG00000117696	Gm50100	1	0
ENSMUSG00000117697	Siah1-ps1	65	62
ENSMUSG00000117698	BC037704	9	25
ENSMUSG00000117699	Gm8222	8	30
ENSMUSG00000117700	Gm50359	11	14
ENSMUSG00000117702	Gm50281	0	0
ENSMUSG00000117703	Gm50306	0	0
ENSMUSG00000117704	Gm50273	0	0
ENSMUSG00000117705	Gm50113	0	0
ENSMUSG00000117706	Gm50184	0	0
ENSMUSG00000117707	Gm50378	0	0
ENSMUSG00000117710	Gm10817	5	10
ENSMUSG00000117711	Rpl37-ps1	377	647
ENSMUSG00000117718	1500032F14Rik	3	0
ENSMUSG00000117720	Gm5249	198	332
ENSMUSG00000117723	Gm50382	7.64	1.835
ENSMUSG00000117728	Gm34299	3	11
ENSMUSG00000117729	Gm5242	272	568
ENSMUSG00000117738	Cyp2c71-ps	0	0
ENSMUSG00000117739	Gm36787	1	0
ENSMUSG00000117740	Gm4242	0	0
ENSMUSG00000117743	Gm50232	21.2	23.836
ENSMUSG00000117746	Gm50372	0	0
ENSMUSG00000117752	Gm35554	40.364	17.326
ENSMUSG00000117755	Gm50188	9	31
ENSMUSG00000117756	Gm50320	0	0
ENSMUSG00000117758	Gm50302	0	0
ENSMUSG00000117761	Gm50428	0	0
ENSMUSG00000117763	9830166K06Rik	7	0
ENSMUSG00000117768	8030456M14Rik	8	4
ENSMUSG00000117770	Gm50285	0	0
ENSMUSG00000117771	Gm25432	153	152
ENSMUSG00000117773	Gm50375	28.719	16.169
ENSMUSG00000117774	Gm18610	0	0
ENSMUSG00000117779	Gm19209	192	230
ENSMUSG00000117782	Gm18999	20	36
ENSMUSG00000117785	Gm5827	404	346
ENSMUSG00000117788	Gm5517	457.408	750.937
ENSMUSG00000117789	Gm50388	46.781	15.306
ENSMUSG00000117790	Gm46652	4	0
ENSMUSG00000117793	Gm5693	9	33
ENSMUSG00000117796	Gm35406	2	0
ENSMUSG00000117800	1700122C19Rik	11.451	3.004
ENSMUSG00000117803	Gm50379	0	0
ENSMUSG00000117804	Gm6252	213.682	308.979
ENSMUSG00000117806	Gm50325	0	0
ENSMUSG00000117807	Gm7074	83	75
ENSMUSG00000117814	Gm50431	102	102
ENSMUSG00000117820	Gm50305	0	0
ENSMUSG00000117821	Gm50120	0	0
ENSMUSG00000117822	Eef1a1-ps1	12968.337	17247.839
ENSMUSG00000117823	Gm35610	38.186	19.541
ENSMUSG00000117827	D730002M21Rik	1.03	1.186
ENSMUSG00000117833	Gm50135	0	0
ENSMUSG00000117834	Gm50429	7.006	1
ENSMUSG00000117837	Gm41821	0	0
ENSMUSG00000117839	Gm50251	2	0
ENSMUSG00000117845	Gm31070	1	0
ENSMUSG00000117848	Gm35867	69.557	21.84
ENSMUSG00000117850	Gm50443	1	0
ENSMUSG00000117856	Gm6937	631	1034
ENSMUSG00000117859	Gm32492	0	0
ENSMUSG00000117861	1810058N15Rik	1	0
ENSMUSG00000117862	Gm35781	37	73
ENSMUSG00000117865	Gm50137	0	0
ENSMUSG00000117867	Gm50330	0	0
ENSMUSG00000117871	Gm50287	0	0
ENSMUSG00000117873	Gm45928	0	0
ENSMUSG00000117877	Gm8184	19.453	77
ENSMUSG00000117878	Gm50202	0	0
ENSMUSG00000117880	Gm34517	0	0
ENSMUSG00000117883	Gm50380	0	0
ENSMUSG00000117886	Gm2106	17	34
ENSMUSG00000117890	Gm32441	0	0
ENSMUSG00000117893	Gm46658	1	5
ENSMUSG00000117896	AA387883	18	21
ENSMUSG00000117897	Gm50151	0	0
ENSMUSG00000117900	Gm50323	23	10
ENSMUSG00000117901	AC109619.1	52	34
ENSMUSG00000117905	Gm50230	12.123	3.911
ENSMUSG00000117909	Gm50212	0	0
ENSMUSG00000117911	Gm35460	0	0
ENSMUSG00000117912	Gm50383	1	0
ENSMUSG00000117914	Gm29863	0	0
ENSMUSG00000117920	Gm50155	0	0
ENSMUSG00000117921	Gm50186	13	9
ENSMUSG00000117924	Tmem223	135	167
ENSMUSG00000117927	Gm50271	0	0
ENSMUSG00000117928	Gm42068	40	20
ENSMUSG00000117930	Gm50436	8	0
ENSMUSG00000117931	Gm50444	0	0
ENSMUSG00000117934	Gm50342	0	0
ENSMUSG00000117935	Gm8717	598	949
ENSMUSG00000117937	Gm8157	226.399	329.076
ENSMUSG00000117938	Gm50112	0	0
ENSMUSG00000117939	Gm9067	470	1064
ENSMUSG00000117941	Gm50276	0	0
ENSMUSG00000117944	Gm50422	92.625	156.422
ENSMUSG00000117945	Gm50116	0	0
ENSMUSG00000117946	Gm50280	0	0
ENSMUSG00000117950	Gm50376	31.191	10
ENSMUSG00000117951	Gm50357	9	13
ENSMUSG00000117952	Gm50132	0	0
ENSMUSG00000117953	Gm50264	256	537
ENSMUSG00000117955	Gm50205	0	0
ENSMUSG00000117956	Gm50196	3	0
ENSMUSG00000117957	Gm50334	0	0
ENSMUSG00000117958	Gm35183	0	0
ENSMUSG00000117959	D330050I16Rik	13.868	27.05
ENSMUSG00000117964	Gm36043	11.067	13
ENSMUSG00000117966	1700061A03Rik	0	0
ENSMUSG00000117967	Gm5246	178	316
ENSMUSG00000117972	Gm6813	966.601	1460.924
ENSMUSG00000117973	Gm50140	1.3	1
ENSMUSG00000117975	Itprip	5	6
ENSMUSG00000117978	Gm50286	19	34
ENSMUSG00000117979	Gm50341	1	0
ENSMUSG00000117981	4930484I04Rik	0	0
ENSMUSG00000117988	Gm8663	10	13
ENSMUSG00000117989	Gm9066	11.019	10
ENSMUSG00000117990	Gm32027	9.494	4.216
ENSMUSG00000117991	Gm34636	0	0
ENSMUSG00000117995	Gm50348	2	0
ENSMUSG00000117996	Gm50441	0	0
ENSMUSG00000117998	Gm32081	0	0
ENSMUSG00000118000	Gm50217	0	0
ENSMUSG00000118001	Gm34808	1	0
ENSMUSG00000118003	Gm9618	0	0
ENSMUSG00000118005	Gm50377	0	0
ENSMUSG00000118008	Gm36913	0	0
ENSMUSG00000118009	Gm50208	0	0
ENSMUSG00000118011	Gm50266	0	0
ENSMUSG00000118014	4930535F04Rik	0	0
ENSMUSG00000118016	1700048O14Rik	0	0
ENSMUSG00000118020	Gm35438	6	3
ENSMUSG00000118021	Gm50130	2	0
ENSMUSG00000118023	Gm50363	101	137
ENSMUSG00000118027	Gm10802	0	0
ENSMUSG00000118029	AC132288.1	34.38	2.201
ENSMUSG00000118031	Gm19956	0	0
ENSMUSG00000118032	Gm50147	0	0
ENSMUSG00000118033	Gm50362	0	0
ENSMUSG00000118036	Gm6386	10.547	3
ENSMUSG00000118038	Gm9895	4	9
ENSMUSG00000118040	Gm36602	0	0
ENSMUSG00000118044	Gm50243	0	0
ENSMUSG00000118047	4930554I06Rik	0	0
ENSMUSG00000118048	Gm50257	0	0
ENSMUSG00000118052	Gm50432	594	1063
ENSMUSG00000118055	Gm50129	0	0
ENSMUSG00000118059	Gm6975	1177	1828
ENSMUSG00000118062	Gm50435	0	0
ENSMUSG00000118064	Gm50210	740.537	605.039
ENSMUSG00000118065	Gm50343	0	0
ENSMUSG00000118066	Gm50239	0	0
ENSMUSG00000118067	Gm32629	0	0
ENSMUSG00000118072	Gm50101	0	0
ENSMUSG00000118076	Gm50337	0	0
ENSMUSG00000118077	Gm50315	0	0
ENSMUSG00000118079	Gm50181	0	0
ENSMUSG00000118083	Gm50173	0	0
ENSMUSG00000118086	AC106834.1	0	0
ENSMUSG00000118087	4833438C02Rik	11	19
ENSMUSG00000118090	Gm50236	0	0
ENSMUSG00000118092	Gm50445	0	0
ENSMUSG00000118093	Gm17802	483.719	753.404
ENSMUSG00000118096	Gm50374	0	0
ENSMUSG00000118098	Gm18425	0	0
ENSMUSG00000118099	Gm31356	81	67
ENSMUSG00000118100	Gm50340	2	3
ENSMUSG00000118104	Gm50189	0	0
ENSMUSG00000118106	AC115752.1	19.082	11.924
ENSMUSG00000118109	Gm41815	0	0
ENSMUSG00000118111	Gm50442	0	0
ENSMUSG00000118114	Gm50332	0	0
ENSMUSG00000118115	Gm4757	84	111
ENSMUSG00000118118	Gm18161	1	0
ENSMUSG00000118121	Gm50233	0	0
ENSMUSG00000118123	Gm50346	3.004	0
ENSMUSG00000118124	Gm50139	0	0
ENSMUSG00000118125	Gm50387	55.873	34.016
ENSMUSG00000118126	Gm32341	0	0
ENSMUSG00000118127	Gm36693	0	0
ENSMUSG00000118128	Gm50331	786.788	405.231
ENSMUSG00000118129	Gm50327	0	0
ENSMUSG00000118132	4833408A19Rik	1	5
ENSMUSG00000118138	Gm50322	83.036	53.904
ENSMUSG00000118142	Gm19312	30	43
ENSMUSG00000118146	Cyp2c72-ps	0	0
ENSMUSG00000118149	Gm50282	0	0
ENSMUSG00000118150	Gm3728	27	10
ENSMUSG00000118155	Gm50136	0	0
ENSMUSG00000118158	Gm50326	0	0
ENSMUSG00000118159	Gm50402	1	0
ENSMUSG00000118165	Gm3621	0	0
ENSMUSG00000118166	Gm50296	1	6
ENSMUSG00000118167	Gm50216	757.664	452.399
ENSMUSG00000118168	Gm36419	90.964	70.997
ENSMUSG00000118173	Gm50329	0	0
ENSMUSG00000118174	Gm3188	34.075	21.351
ENSMUSG00000118178	Gm32932	0	0
ENSMUSG00000118181	CAAA01066123.1	24.513	43.232
ENSMUSG00000118182	Gm50427	0	0
ENSMUSG00000118183	Gm50345	4.153	0
ENSMUSG00000118190	Gm50411	0	0
ENSMUSG00000118192	Gm50183	0	0
ENSMUSG00000118194	Gm19505	0	0
ENSMUSG00000118196	Gm29946	0	0
ENSMUSG00000118197	Gm20762	203	296
ENSMUSG00000118203	Gm7798	44	70
ENSMUSG00000118204	4930414N06Rik	0	0
ENSMUSG00000118206	Gm50358	860.011	690.331
ENSMUSG00000118207	Gm50191	2	0
ENSMUSG00000118209	Gm35438	0	0
ENSMUSG00000118210	Gm50394	4	5
ENSMUSG00000118211	Gm46649	492	773
ENSMUSG00000118212	Gm41836	3	0
ENSMUSG00000118213	Gm50307	51.896	35.812
ENSMUSG00000118217	Gm6951	3	3.012
ENSMUSG00000118220	Gm6192	1071.517	1184.442
ENSMUSG00000118221	Gm50194	0	0
ENSMUSG00000118223	1810035K13Rik	0	0
ENSMUSG00000118226	Gm50134	40	14
ENSMUSG00000118231	Gm2141	355	663
ENSMUSG00000118233	Gm30381	0	0
ENSMUSG00000118236	Gm34922	0	0
ENSMUSG00000118237	Gm50133	0	0
ENSMUSG00000118238	Gm34432	1024.697	1501.318
ENSMUSG00000118242	Gm50141	2	0
ENSMUSG00000118243	Gm50203	1	2
ENSMUSG00000118245	Gm30082	3	7
ENSMUSG00000118248	Gm50279	0	0
ENSMUSG00000118249	Gm36608	0	0
ENSMUSG00000118251	Gm50373	0	0
ENSMUSG00000118252	Gm5521	529	828
ENSMUSG00000118253	Gm50185	73	117
ENSMUSG00000118260	Cnn2-ps	4	25
ENSMUSG00000118261	Gm2518	1	2
ENSMUSG00000118263	Gm42064	1	0
ENSMUSG00000118270	Gm17819	5	11
ENSMUSG00000118273	Gm41819	0	0
ENSMUSG00000118276	Gm50440	0	0
ENSMUSG00000118277	Gm50310	0	0
ENSMUSG00000118280	Gm41804	0	4
ENSMUSG00000118287	Gm50300	1	1
ENSMUSG00000118289	Gm19724	0	0
ENSMUSG00000118291	Csf1r-ps	20	35
ENSMUSG00000118293	Gm32750	0	0
ENSMUSG00000118297	Gm18842	0	0
ENSMUSG00000118302	Gm31300	125.311	207.404
ENSMUSG00000118305	Gm50131	0	0
ENSMUSG00000118308	Gm19179	0	0
ENSMUSG00000118310	Gm50268	41.087	30.321
ENSMUSG00000118312	Gm7096	0	0
ENSMUSG00000118313	Gm50121	0	0
ENSMUSG00000118314	1700001K23Rik	0	0
ENSMUSG00000118320	Gm50425	0	0
ENSMUSG00000118324	Gm50187	40	91
ENSMUSG00000118325	Gm50324	4	0
ENSMUSG00000118329	Gm9563	0	0
ENSMUSG00000118330	Gm30042	0	0
ENSMUSG00000118331	Gm18380	2	9
ENSMUSG00000118335	Gm18936	0	0
ENSMUSG00000118338	Gm50317	0	0
ENSMUSG00000118340	Gm50301	0	0
ENSMUSG00000118342	Gm50255	4	0
ENSMUSG00000118344	Gm50152	0	0
ENSMUSG00000118345	Gm7105	1584.957	1984.088
ENSMUSG00000118346	Tmem179b	29	37
ENSMUSG00000118350	Gm36339	0	0
ENSMUSG00000118353	Nsa2-ps1	106	238
ENSMUSG00000118354	Gm19437	0	0
ENSMUSG00000118355	Gm38616	0	0
ENSMUSG00000118360	Gm19755	0	0
ENSMUSG00000118364	AC124502.1	90.163	47.322
ENSMUSG00000118366	9130016M20Rik	1	0
ENSMUSG00000118367	Gm50277	0	0
ENSMUSG00000118369	Gm30541	8	1
ENSMUSG00000118371	Gm50308	0	0
ENSMUSG00000118374	Gm17885	0	0
ENSMUSG00000118377	Gm9276	8.03	8.055
ENSMUSG00000118378	Gm50393	0	0
ENSMUSG00000118381	Gm50150	36	71
ENSMUSG00000118383	Gm50321	113	109
ENSMUSG00000118392	4930524O05Rik	0	0
ENSMUSG00000118393	Gm50426	0	0
ENSMUSG00000118491	Zfp91	0	5.75
ENSMUSG00000118496	AC131692.1	0	0
ENSMUSG00000118513	AC141640.1	0	0
ENSMUSG00000118610	AC122861.1	0	0
