gene_id	SRX8042381	SRX8042382	SRX8042383	SRX8042384	SRX8042385	SRX8042386
ENSMUSG00000023978	4.106	2.794	2.162	4.018	10.837	2.839
ENSMUSG00000030324	7.914	4.68	2.812	6.056	13.419	4.661
ENSMUSG00000031450	4.965	3.175	1.671	3.413	10.142	3.495
ENSMUSG00000056055	6.103	3.126	2.712	5.205	11.726	3.754
ENSMUSG00000025900	4.766	3.194	1.872	3.102	9.373	3.045
ENSMUSG00000026834	4.072	3.315	6.784	3.869	4.102	4.102
ENSMUSG00000025386	3.639	4.058	1.703	3.276	9.521	4.773
ENSMUSG00000059991	3.026	3.503	6.785	4.949	4.035	4.577
ENSMUSG00000056043	4.768	3.299	2.719	2.903	8.935	2.793
ENSMUSG00000029491	4.99	4.896	2.822	3.543	10.229	3.941
ENSMUSG00000035456	3.165	3.05	5.136	3.289	2.631	3.385
ENSMUSG00000062082	6.397	3.298	1.674	2.877	3.164	2.372
ENSMUSG00000020713	7.33	11.198	2.297	6.846	3.867	4.489
ENSMUSG00000053963	6.378	6.036	9.547	7.852	6.359	7.543
ENSMUSG00000062372	4.81	3.076	4.141	7.232	3.244	5.078
ENSMUSG00000068037	4.539	3.359	6.226	4.773	2.661	3.911
ENSMUSG00000020907	3.384	3.06	2.292	3.163	8.184	3.964
ENSMUSG00000037446	4.067	4.511	2.43	3.934	8.946	3.675
ENSMUSG00000031789	3.345	4.826	3.226	3.269	9.255	3.648
ENSMUSG00000078816	5.219	6.72	8.87	7.707	6.153	6.651
ENSMUSG00000057715	4.372	3.914	7.149	6.068	3.585	4.689
ENSMUSG00000025582	6.4	6.636	9.53	8.129	6.654	7.931
ENSMUSG00000026841	4.186	3.372	5.351	3.443	3.562	4.074
ENSMUSG00000038255	2.985	4.044	6.941	5.831	3.19	5.529
ENSMUSG00000029335	4.685	4.881	6.832	5.049	4.256	5.595
ENSMUSG00000029151	3.872	4.373	7.674	6.619	4.22	4.128
ENSMUSG00000048087	6.323	4.744	6.494	2.963	4.365	4.166
ENSMUSG00000029819	3.696	3.855	6.296	4.976	3.814	4.667
ENSMUSG00000090675	6.003	3.064	1.701	1.842	3.227	4.19
ENSMUSG00000032174	4.42	4.999	8.596	7.742	4.124	6.986
ENSMUSG00000050600	4.539	3.579	6.384	4.487	4.851	5.439
ENSMUSG00000074575	4.41	3.177	6.246	5.006	3.158	5.093
ENSMUSG00000046999	2.531	3.477	5.255	3.852	3.248	3.091
ENSMUSG00000048483	2.534	3.766	4.908	3.718	3.306	3.034
ENSMUSG00000027270	3.184	4.896	6.535	5.267	4.763	5.155
ENSMUSG00000070570	7.171	6.869	10.795	10.174	9.74	8.893
ENSMUSG00000024575	6.044	5.783	2.414	5.007	10.198	5.396
ENSMUSG00000059003	6.813	7.464	9.98	8.609	5.933	8.517
ENSMUSG00000029054	3.075	4.571	6.259	5.294	4.359	4.176
ENSMUSG00000027849	5.036	5.998	4.497	7.513	5.311	4.979
ENSMUSG00000034796	5.369	4.319	6.971	5.775	4.522	5.436
ENSMUSG00000028222	6.419	5.266	7.079	4.808	5.601	6.202
ENSMUSG00000053025	7.584	7.274	10.272	8.698	8.545	8.489
ENSMUSG00000047935	4.915	4.201	4.002	6.831	2.664	5.261
ENSMUSG00000035033	4.869	3.318	7.513	6.879	3.567	5.942
ENSMUSG00000026163	6.206	6.549	8.975	7.955	4.858	6.864
ENSMUSG00000030209	8.795	8.524	11.334	10.108	6.215	9.69
ENSMUSG00000053310	7.082	5.934	9.16	7.911	6.61	8.08
ENSMUSG00000060371	6.805	7.878	9.291	8.297	3.863	7.416
ENSMUSG00000036480	4.388	4.561	5.857	3.01	3.351	5.827
ENSMUSG00000027978	4.313	3.07	5.983	4.69	3.592	5.373
ENSMUSG00000099016	2.408	6.094	2.148	1.871	3.331	2.182
ENSMUSG00000026514	4.567	5.342	7.132	6.119	5.223	5.559
ENSMUSG00000059213	7.082	8.077	11.105	10.546	6.779	9.656
ENSMUSG00000030905	5.032	5.32	6.993	6.312	5.062	4.706
ENSMUSG00000021255	5.546	3.805	2.027	2.352	8.638	2.153
ENSMUSG00000026090	6.188	6.667	9.211	8.508	6.425	7.233
ENSMUSG00000010803	5.042	5.991	8.465	7.606	4.562	7.254
ENSMUSG00000061762	3.805	4.994	4.504	7.059	5.417	5.377
ENSMUSG00000057132	4.241	5.898	3.54	4.331	9.774	5.072
ENSMUSG00000027296	4.488	4.823	7.199	6.519	3.856	5.553
ENSMUSG00000030376	6.506	7.319	9.154	8.215	6.36	7.636
ENSMUSG00000034452	6.539	6.039	2.742	4.005	9.581	5.131
ENSMUSG00000098051	2.923	3.569	4.8	4.235	2.736	3.115
ENSMUSG00000033316	4.62	4.036	6.061	4.89	3.58	5.552
ENSMUSG00000039058	6.238	6.945	8.395	7.191	6.816	6.668
ENSMUSG00000024008	4.131	5.572	7.312	6.816	3.557	5.154
ENSMUSG00000051726	5.67	5.052	8.094	7.34	5.717	6.753
ENSMUSG00000024617	9.1	8.946	12.217	11.167	8.473	10.98
ENSMUSG00000029436	6.787	7.238	8.689	7.644	6.562	6.999
ENSMUSG00000041014	4.847	5.104	7.054	6.367	4.704	5.291
ENSMUSG00000027350	7.868	7.94	9.037	8.24	7.105	7.337
ENSMUSG00000029712	4.135	4.457	6.29	5.674	4.494	5.588
ENSMUSG00000044216	3.601	4.826	8.111	7.79	3.855	6.496
ENSMUSG00000032936	6.862	7.397	8.939	8.306	5.24	7.921
ENSMUSG00000022218	8.04	4.196	2.831	3.827	5.342	5.961
ENSMUSG00000026358	7.833	4.451	2.637	3.048	4.592	5.908
ENSMUSG00000103129	4.855	2.448	2.462	1.817	2.586	2.309
ENSMUSG00000056158	6.32	4.235	7.115	5.937	4.672	5.741
ENSMUSG00000021313	7.442	7.529	9.412	8.55	7.373	7.911
ENSMUSG00000052301	4.056	3.773	5.44	4.696	3.955	3.946
ENSMUSG00000044288	6.572	7.035	8.718	7.351	6.861	7.542
ENSMUSG00000096351	3.913	3.869	2.494	3.42	7.653	2.898
ENSMUSG00000039106	4.215	4.443	5.582	4.326	5.007	3.587
ENSMUSG00000055078	4.277	4.777	5.874	4.908	3.85	4.216
ENSMUSG00000055540	5.591	5.128	7.502	6.649	6.296	6.056
ENSMUSG00000020436	5.718	6.158	7.719	7.133	4.364	5.777
ENSMUSG00000047495	5.551	5.113	7.396	6.686	5.101	6.066
ENSMUSG00000041911	5.837	4.661	6.017	3.873	4.283	5.537
ENSMUSG00000025876	6.189	6.09	8.131	7.001	7.305	6.25
ENSMUSG00000104210	2.943	2.746	4.242	2.953	4.358	3.383
ENSMUSG00000058248	4.994	5.704	7.834	7.463	5.568	6.403
ENSMUSG00000022421	10.063	9.61	11.137	10.423	10.278	10.123
ENSMUSG00000070695	5.118	5.769	7.687	6.839	5.696	5.444
ENSMUSG00000026344	5.832	7.19	7.528	5.76	6.668	6.632
ENSMUSG00000035864	8.74	8.464	10.94	10.416	8.598	9.423
ENSMUSG00000004110	8.305	8.145	10.214	9.55	6.787	8.465
ENSMUSG00000045733	5.736	6.688	8.244	7.174	6.823	7.101
ENSMUSG00000028838	6.105	4.607	6.945	5.8	6.23	5.956
ENSMUSG00000022015	8.004	4.668	1.886	4.035	5.061	6.47
ENSMUSG00000067889	7.722	7.688	10.368	10.239	7.31	9.064
ENSMUSG00000027971	5.378	6.451	8.727	8.131	6.229	6.994
ENSMUSG00000025020	7.254	6.173	7.566	6.325	4.977	6.108
ENSMUSG00000054459	7.75	7.157	9.007	7.871	6.561	7.946
ENSMUSG00000038020	6.39	6.881	8.817	7.982	6.697	7.499
ENSMUSG00000037579	4.026	4.482	7.596	7.45	2.661	6.443
ENSMUSG00000045174	4.521	3.071	5.685	4.899	5.128	4.087
ENSMUSG00000007944	4.646	4.951	7.132	6.684	4.986	6.274
ENSMUSG00000046182	4.751	4.444	6.729	6.248	4.248	5.398
ENSMUSG00000041708	6.674	5.571	7.728	7.3	6.221	7.477
ENSMUSG00000027834	6.005	6.367	8.188	7.806	6.423	6.886
ENSMUSG00000022212	6.397	5.789	8.121	7.555	5.649	6.399
ENSMUSG00000050164	2.947	3.416	5.14	4.763	3.858	4.343
ENSMUSG00000045903	5.104	4.644	6.14	5.106	2.642	4.71
ENSMUSG00000040794	5.113	4.936	7.166	6.555	6.404	5.625
ENSMUSG00000009216	4.087	5.409	7.723	8.363	3.362	5.873
ENSMUSG00000029420	7.212	7.09	8.291	7.424	6.409	6.752
ENSMUSG00000062593	8.578	6.289	3.382	4.257	6.661	6.449
ENSMUSG00000025576	6.392	6.873	8.34	8.012	5.87	6.788
ENSMUSG00000035653	6.387	5.139	6.934	5.718	5.451	5.945
ENSMUSG00000024064	5.309	3.739	5.755	4.548	4.532	4.603
ENSMUSG00000046093	8.843	8.876	10.216	9.487	8.615	9.199
ENSMUSG00000022454	8.505	8.521	9.903	8.921	8.969	8.787
ENSMUSG00000031376	6.154	5.217	7.549	6.352	6.051	6.073
ENSMUSG00000044933	4.057	4.696	5.841	4.779	5.384	5.165
ENSMUSG00000006711	5.427	4.662	6.37	5.381	4.477	5.257
ENSMUSG00000028785	5.752	7.486	8.472	7.989	5.331	6.46
ENSMUSG00000024041	4.814	2.353	1.717	2.421	2.612	3.457
ENSMUSG00000039809	8.31	7.531	8.877	7.787	6.7	7.499
ENSMUSG00000086719	2.566	5.624	2.185	2.082	3.751	2.903
ENSMUSG00000034997	4.649	4.223	5.88	4.95	4.725	4.796
ENSMUSG00000025189	5.418	6.034	7.535	7.028	5.627	6.068
ENSMUSG00000040125	6.173	6.888	9.049	9.701	4.845	7.339
ENSMUSG00000032452	6.182	6.635	7.568	6.497	6.025	6.11
ENSMUSG00000021680	3.762	5.255	4.553	2.108	4.556	3.438
ENSMUSG00000028289	6.508	6.492	7.859	6.942	6.684	6.314
ENSMUSG00000037428	6.58	5.769	7.974	7.803	4.833	6.696
ENSMUSG00000028033	6.061	6.159	6.837	6.871	5.229	5.635
ENSMUSG00000042078	6.386	6.221	7.707	6.939	6.109	6.496
ENSMUSG00000030134	7.067	7.058	8.663	7.956	7.3	7.462
ENSMUSG00000024672	8.411	5.272	3.897	4.435	5.466	5.853
ENSMUSG00000022357	6.08	2.888	2.239	2.441	4.627	3.523
ENSMUSG00000032355	4.593	4.095	6.608	6.369	4.782	6.122
ENSMUSG00000036264	3.466	4.591	5.731	5.746	3.171	4.035
ENSMUSG00000039059	5.459	6.409	7.425	6.725	5.11	5.95
ENSMUSG00000000632	7.668	8.259	9.215	8.382	7.179	7.573
ENSMUSG00000000861	5.216	5.928	7.423	7.3	5.015	5.798
ENSMUSG00000000560	5.329	5.281	6.663	5.943	5.474	5.329
ENSMUSG00000017740	8.166	7.912	9.739	8.97	8.144	8.711
ENSMUSG00000027489	3.71	5.283	6.269	5.572	4.621	5.316
ENSMUSG00000026959	7.752	7.75	9.284	8.691	7.262	8.038
ENSMUSG00000068696	5.276	6.298	5.342	7.542	3.617	6.131
ENSMUSG00000064193	9.273	4.696	3.557	3.632	5.557	9.735
ENSMUSG00000065922	2.92	3.887	2.042	3.173	7.245	4.142
ENSMUSG00000004961	5.445	6.124	7.428	7.103	5.879	6.124
ENSMUSG00000029878	5.405	6.169	7.047	6.287	3.749	6.039
ENSMUSG00000042388	7.021	6.508	9.232	8.908	6.404	8.508
ENSMUSG00000064065	6.648	7.089	7.475	6.485	6.46	6.432
ENSMUSG00000007653	6.362	6.366	7.901	7.535	5.963	7.252
ENSMUSG00000054013	6.018	5.515	7.23	6.932	5.344	5.29
ENSMUSG00000056972	6.541	3.887	3.167	3.136	3.17	3.177
ENSMUSG00000040907	10.576	9.406	11.859	11.225	10.3	10.429
ENSMUSG00000096146	2.268	3.33	4.331	4.209	3.215	3.579
ENSMUSG00000023033	7.916	8.36	9.67	8.988	7.935	8.556
ENSMUSG00000052087	5.045	4.917	6.666	5.868	6.481	5.717
ENSMUSG00000030137	4.157	3.51	4.49	3.059	4.576	3.761
ENSMUSG00000028176	6.303	7.201	8.433	8.129	5.908	7.609
ENSMUSG00000022577	7.118	6.606	7.541	6.548	5.931	6.138
ENSMUSG00000018865	6.888	6.927	8.608	7.993	6.717	7.95
ENSMUSG00000059040	9.559	5.519	3.16	4.274	6	9.866
ENSMUSG00000061751	8.069	8.163	9.716	9.454	8.083	8.596
ENSMUSG00000069227	6.792	6.134	8.14	7.797	6.874	6.566
ENSMUSG00000034145	4.614	5.243	6.017	5.204	4.863	5.263
ENSMUSG00000062296	8.567	8.382	10.007	9.803	6.65	8.123
ENSMUSG00000058624	7.54	7.356	9.159	8.371	8.582	8.283
ENSMUSG00000031932	4.063	3.943	5.498	5.497	3.595	4.494
ENSMUSG00000058360	4.05	2.307	1.718	2.042	2.677	2.425
ENSMUSG00000039037	6.863	5.932	7.636	6.913	6.863	7.159
ENSMUSG00000046699	6.541	6.057	7.123	6.065	4.916	5.926
ENSMUSG00000084890	4.541	5.407	5.852	6.94	2.653	4.492
ENSMUSG00000055958	2.252	2.822	3.441	3.477	2.669	2.356
ENSMUSG00000016150	6.982	6.376	7.623	6.972	5.768	6.374
ENSMUSG00000045349	5.148	6.459	6.882	6.103	5.614	5.933
ENSMUSG00000078591	4.727	3.972	5.751	5.489	2.749	4.85
ENSMUSG00000094626	6.289	5.825	6.343	6.047	5.827	5.764
ENSMUSG00000090061	5.002	3.04	6.222	6.41	4.359	5.07
ENSMUSG00000089672	7.532	3.593	3.871	3.918	4.881	5.134
ENSMUSG00000078307	5.226	6.393	7.454	7.23	4.706	6.633
ENSMUSG00000032532	6.008	7.066	8.102	6.656	7.277	7.308
ENSMUSG00000022416	6.07	5.115	7.627	8.306	5.644	6.373
ENSMUSG00000071567	5.055	5.111	6.497	6.208	6.06	5.361
ENSMUSG00000008658	6.553	7.538	8.461	7.906	7.092	7.353
ENSMUSG00000060257	2.785	3.677	4.991	4.8	3.167	5.027
ENSMUSG00000090071	6.255	6.614	8.727	8.555	7.604	8.364
ENSMUSG00000060212	6.769	6.54	7.746	7.214	6.57	6.91
ENSMUSG00000016346	8.076	7.661	9.459	9.007	6.817	8.22
ENSMUSG00000027220	7.878	7.075	8.355	7.191	7.048	7.558
ENSMUSG00000041380	5.358	3.469	6.253	6.206	4.201	4.325
ENSMUSG00000040424	5.438	4.834	6.208	5.541	4.481	5.947
ENSMUSG00000057897	8.793	9.369	10.357	10.099	8.979	9.269
ENSMUSG00000035226	6.187	3.855	6.784	6.458	4.126	6.042
ENSMUSG00000063193	6.8	4.484	2.436	3.649	4.643	4.467
ENSMUSG00000024873	6.409	6.743	7.999	7.233	7.166	7.229
ENSMUSG00000053395	5.64	5.451	7.119	6.668	5.778	7.201
ENSMUSG00000044071	6.668	6.156	7.483	6.994	5.694	5.854
ENSMUSG00000027895	5.35	5.338	6.938	6.574	5.896	6.328
ENSMUSG00000019146	4.614	4.445	5.775	5.468	3.247	5.524
ENSMUSG00000028965	7.282	3.527	2.846	3.327	4.504	6.225
ENSMUSG00000049583	7.553	7.742	8.817	8.047	7.87	7.966
ENSMUSG00000026141	3.727	3.352	5.004	4.238	5.509	4.299
ENSMUSG00000104597	6.884	7.191	8.404	7.799	6.037	6.896
ENSMUSG00000041710	5.696	4.585	5.569	4.058	3.447	4.247
ENSMUSG00000052373	5.281	4.892	6.462	6.233	5.21	5.469
ENSMUSG00000027419	7.495	7.621	8.719	8.289	7.83	7.974
ENSMUSG00000052981	6.74	7.006	7.992	7.438	7.39	7.221
ENSMUSG00000045912	4.639	4.28	5.208	4.422	3.204	4.216
ENSMUSG00000055409	5.465	5.183	6.223	5.994	4.904	3.482
ENSMUSG00000046550	2.643	3.064	3.244	2.447	3.591	2.389
ENSMUSG00000021062	6.112	7.26	7.786	7.725	4.329	7.399
ENSMUSG00000036306	6.372	6.615	8.144	7.848	6.856	7.443
ENSMUSG00000074923	5.884	5.881	7.232	6.961	5.863	6.89
ENSMUSG00000027965	3.172	4.736	4.94	4.755	3.239	3.82
ENSMUSG00000047658	5.308	5.392	6.524	5.738	6.273	5.791
ENSMUSG00000076613	2.263	2.318	1.686	9.369	11.683	9.299
ENSMUSG00000064293	6.126	6.264	6.847	5.756	6.029	5.821
ENSMUSG00000020990	3.295	3.514	4.475	4.591	3.508	3.213
ENSMUSG00000038738	9.896	9.414	11.001	10.448	9.126	10.506
ENSMUSG00000051062	4.055	2.325	5.048	4.662	3.58	5.02
ENSMUSG00000027273	9.711	9.477	10.732	10.238	9.731	10.015
ENSMUSG00000030302	8.626	8.644	10.172	10.146	8.253	9.316
ENSMUSG00000032564	2.232	4.983	5.853	5.844	4.981	5.373
ENSMUSG00000030789	10.093	7.105	4.656	5.961	7.93	7.998
ENSMUSG00000040452	4.249	3.525	4.808	5.401	2.7	3.402
ENSMUSG00000021478	5.13	5.25	4.376	6.691	4.205	5.34
ENSMUSG00000034891	7.31	6.721	8.359	8.69	7.731	7.607
ENSMUSG00000030350	5.877	5.025	7.367	7.181	5.795	6.899
ENSMUSG00000107226	4.156	3.308	3.724	2.531	3.34	2.35
ENSMUSG00000034818	8.063	8.067	8.575	8.282	6.67	7.863
ENSMUSG00000050069	5.476	5.576	5.917	5.807	5.131	5.719
ENSMUSG00000105983	2.256	4.12	4.364	5.259	4.684	2.8
ENSMUSG00000020684	7.607	7.082	9.176	9.454	7.589	8.841
ENSMUSG00000036800	6.055	5.573	6.801	5.845	5.82	6.227
ENSMUSG00000027347	8.804	8.674	9.406	9.001	7.179	8.767
ENSMUSG00000061298	4.542	4.135	4.947	4.277	2.688	3.748
ENSMUSG00000078235	4.64	3.522	4.816	4.487	3.673	4.217
ENSMUSG00000107105	5.138	3.053	2.449	1.835	2.63	2.741
ENSMUSG00000086040	6.871	7.88	8.788	8.086	7.746	8.251
ENSMUSG00000038179	8.3	5.695	3.421	4.607	5.807	6.267
ENSMUSG00000020848	6.208	5.842	6.777	5.941	6.524	5.787
ENSMUSG00000020297	7.663	8.433	9.22	8.658	8.066	8.578
ENSMUSG00000029754	2.281	3.65	2.855	4.105	3.354	2.805
ENSMUSG00000027500	7.369	7.558	8.007	7.697	7.36	8.066
ENSMUSG00000106775	4.232	6.65	2.155	3.392	3.855	4.469
ENSMUSG00000022288	3.025	4.614	2.315	1.81	2.726	2.349
ENSMUSG00000036422	5.466	6.613	7.185	6.348	5.752	5.395
ENSMUSG00000050963	4.783	3.714	5.583	5.85	3.573	4.556
ENSMUSG00000036185	5.726	2.736	1.882	2.723	3.575	4.792
ENSMUSG00000051401	4.106	4.414	5.793	6.14	4.753	4.498
ENSMUSG00000102697	5.129	5.33	6.859	6.495	6.494	6.406
ENSMUSG00000075318	8.751	8.765	9.702	9.222	8.364	8.864
ENSMUSG00000090063	3.123	5.184	5.891	6.205	4.107	5.622
ENSMUSG00000085800	4.964	3.066	1.882	2.091	4.065	2.856
ENSMUSG00000021647	7.91	5.715	8.979	5.257	7.052	9.757
ENSMUSG00000066108	6.398	3.745	2.151	3.302	4.796	4.497
ENSMUSG00000058153	7.948	7.866	8.801	8.161	7.971	8.211
ENSMUSG00000106106	14.077	13.103	10.637	13.679	17.648	15.17
ENSMUSG00000032739	2.243	3.073	2.844	4.389	3.554	3.757
ENSMUSG00000029211	6.433	6.479	7.315	6.53	6.416	6.439
ENSMUSG00000024245	4.446	6.198	6.182	4.685	6.492	5.873
ENSMUSG00000063354	6.391	3.765	2.626	3.077	5.152	3.955
ENSMUSG00000068129	8.709	5.314	4.131	5.472	5.714	7.765
ENSMUSG00000025468	6.068	5.523	6.741	6.403	5.929	6.138
ENSMUSG00000032589	9.752	9.739	10.897	10.43	10.102	9.981
ENSMUSG00000031293	5.899	6.816	4.222	4.774	10.017	6.322
ENSMUSG00000031883	3.832	3.734	4.58	3.814	4.694	4.083
ENSMUSG00000042532	5.77	5.306	7.156	6.622	5.931	7.039
ENSMUSG00000097914	5.27	3.495	2.531	2.287	2.672	3.069
ENSMUSG00000007207	6.975	7.705	8.037	7.194	6.543	7.479
ENSMUSG00000043301	6.612	5.776	6.926	6.13	6.407	5.802
ENSMUSG00000029544	6.988	5.999	7.757	7.795	6.189	6.803
ENSMUSG00000026204	9.168	8.698	9.228	9.297	8.713	8.699
ENSMUSG00000076609	6.998	4.531	2.59	10.856	12.428	13.215
ENSMUSG00000067149	4.431	3.383	2.402	8.819	9.899	10.964
ENSMUSG00000023828	4.372	3.338	1.892	4.057	3.567	2.405
ENSMUSG00000015568	10.54	7.184	5.693	6.8	7.97	8.22
ENSMUSG00000102876	3.344	3.143	1.909	3.476	2.672	2.353
ENSMUSG00000025885	5.624	4.722	6.386	5.944	4.697	5.84
ENSMUSG00000096847	7.174	6.482	7.965	7.673	6.692	7.818
ENSMUSG00000104159	5.199	3.365	2.04	2.735	4.105	2.356
ENSMUSG00000048251	6.556	7.472	8.406	8.218	7.445	7.75
ENSMUSG00000030162	5.978	3.864	2.281	3.339	3.56	3.357
ENSMUSG00000045038	9.312	9.123	9.785	9.365	9.23	9.387
ENSMUSG00000047013	6.839	6.839	7.859	7.511	7.07	7.369
ENSMUSG00000085830	2.237	4.704	4.618	4.768	4.445	2.897
ENSMUSG00000021708	7.3	6.827	7.832	7.178	7.96	6.754
ENSMUSG00000020431	9.343	9.955	10.651	9.995	10.436	10.046
ENSMUSG00000025422	9.713	10.13	10.974	10.773	9.79	10.594
ENSMUSG00000024261	7.227	6.394	7.678	7.035	5.672	6.809
ENSMUSG00000103201	2.269	4.489	3.823	3.043	2.916	4.064
ENSMUSG00000032988	6.342	2.852	2.614	3.496	5.576	3.636
ENSMUSG00000080736	5.152	3.263	2.022	2.517	2.769	3.43
ENSMUSG00000047842	7.718	7.395	8.505	7.92	7.474	8.028
ENSMUSG00000045036	2.94	2.373	2.053	3.624	3.833	3.159
ENSMUSG00000071265	4.862	5.741	5.937	5.289	5.057	5.442
ENSMUSG00000040035	8.737	8.554	9.194	8.419	8.15	8.331
ENSMUSG00000030000	7.432	7.684	7.819	7.301	6.362	6.669
ENSMUSG00000044667	8.195	7.928	8.557	8.295	8.071	7.826
ENSMUSG00000019785	4.902	4.218	5.324	5.511	3.865	4.505
ENSMUSG00000079657	4.524	5.818	5.81	5.002	5.415	5.409
ENSMUSG00000044912	5.008	6.034	6.477	6.049	5.696	6.352
ENSMUSG00000025427	6.153	6.573	7.793	7.584	5.968	6.996
ENSMUSG00000024268	8.413	8.397	9.536	9.154	8.151	9.013
ENSMUSG00000020734	5.252	3.769	6.191	6.757	5.01	5.967
ENSMUSG00000032503	8.047	8.616	9.413	9.353	7.096	8.279
ENSMUSG00000039628	2.226	3.179	2.402	4.063	4.883	3.136
ENSMUSG00000095079	6.028	4.047	3.168	9.432	10.546	10.714
ENSMUSG00000036815	6.094	5.682	7.281	6.928	6.235	7.193
ENSMUSG00000019906	5.921	6.454	6.916	6.545	6.285	6.357
ENSMUSG00000031097	5.958	2.151	2.473	3.283	3.374	3.972
ENSMUSG00000033981	9.256	9.724	10.32	9.823	9.07	9.142
ENSMUSG00000085599	2.962	5.887	2.099	2.553	2.887	2.948
ENSMUSG00000102958	2.619	5.529	2.543	1.813	3.641	3.545
ENSMUSG00000086503	15.691	7.681	12.485	2.739	5.043	15.121
ENSMUSG00000106018	2.593	2.376	3.127	3.07	2.702	2.8
ENSMUSG00000000982	7.864	4.323	3.058	4.123	5.477	6.844
ENSMUSG00000027748	6.087	3.994	5.213	4.403	3.205	3.986
ENSMUSG00000087516	3.309	5.678	2.75	2.674	3.211	2.382
ENSMUSG00000040026	4.221	4.034	4.188	3.097	3.199	2.864
ENSMUSG00000027438	8.869	8.652	9.423	8.977	8.64	8.48
ENSMUSG00000030222	3.426	4.963	3.272	5.414	4.832	4.378
ENSMUSG00000078117	5.131	3.346	4.452	3.323	3.18	3.758
ENSMUSG00000090291	4.269	5.126	4.15	6.18	3.891	4.431
ENSMUSG00000032511	4.79	3.981	5.229	6.324	5.837	4.73
ENSMUSG00000052581	5.847	6.404	6.899	6.812	6.102	5.899
ENSMUSG00000086712	3.665	3.552	2.08	3.956	2.686	3.629
ENSMUSG00000082163	5.734	4.358	2.025	2.452	4.473	3.798
ENSMUSG00000049741	2.344	4.543	1.825	1.877	4.331	3.04
ENSMUSG00000067219	2.255	2.339	2.032	2.11	5.371	3.36
ENSMUSG00000045034	4.531	4.248	5.071	4.058	4.806	5.256
ENSMUSG00000095134	6.712	5.289	6.37	5.344	5.962	5.028
ENSMUSG00000088576	3.469	5.919	1.677	2.979	4.88	3.675
ENSMUSG00000008489	6.684	6.183	6.761	5.59	5.662	6.596
ENSMUSG00000020950	6.516	5.814	7.224	7.266	5.963	6.639
ENSMUSG00000051054	3.669	2.818	3.092	2.059	2.629	2.377
ENSMUSG00000040640	7.955	7.834	8.652	8.23	7.602	7.672
ENSMUSG00000028003	7.27	4.868	3.568	3.123	6.395	4.374
ENSMUSG00000036564	10.227	10.693	11.295	11.007	10.57	10.498
ENSMUSG00000105526	2.64	4.259	3.851	3.195	3.925	3.098
ENSMUSG00000097072	4.497	5.87	2.595	1.832	3.87	2.833
ENSMUSG00000031144	9.84	9.571	10.707	10.075	10.088	10.283
ENSMUSG00000009394	9.241	8.89	9.557	8.971	8.697	8.799
ENSMUSG00000021700	8.119	7.543	8.82	8.848	6.631	8.757
ENSMUSG00000045573	5.874	6.95	7.332	7.354	5.329	7.173
ENSMUSG00000024479	6.729	6.639	7.618	7.244	6.582	7.159
ENSMUSG00000054976	5.893	6.37	6.391	5.345	5.765	5.766
ENSMUSG00000006435	7.57	7.839	8.692	8.37	7.673	8.706
ENSMUSG00000084235	2.221	4.721	1.698	2.095	2.645	4.285
ENSMUSG00000031137	6.757	5.751	7.089	6.322	6.007	6.748
ENSMUSG00000030518	5.898	6.078	6.788	7.229	6.37	6.471
ENSMUSG00000102902	2.245	3.08	2.312	3.322	2.656	2.359
ENSMUSG00000047485	5.151	5.248	6.028	6.355	4.713	5.665
ENSMUSG00000036062	8.252	8.063	8.915	8.602	7.778	8.664
ENSMUSG00000025658	8.331	8.295	8.986	8.481	8.54	8.048
ENSMUSG00000019992	2.985	4.904	2.371	2.102	2.68	2.775
ENSMUSG00000023903	4.087	3.725	2.376	4.433	3.58	3.624
ENSMUSG00000061911	8.148	8.028	8.768	8.53	7.755	7.966
ENSMUSG00000063388	4.067	3.182	1.655	2.134	5.974	3.388
ENSMUSG00000032500	4.814	6.416	6.097	7.496	7.08	5.806
ENSMUSG00000075478	6.988	7.669	7.858	7.154	7.422	7.254
ENSMUSG00000052479	2.822	2.71	3.73	3.114	3.539	3.541
ENSMUSG00000105663	5.069	3.466	4.481	4.652	2.568	2.972
ENSMUSG00000029055	6.273	5.284	7.684	7.879	7.886	7.23
ENSMUSG00000024353	3.35	3.07	2.309	3.049	5.633	6.297
ENSMUSG00000031870	5.619	4.978	5.226	4.551	4.745	3.905
ENSMUSG00000104851	3.836	6.765	3.043	3.361	4.822	3.953
ENSMUSG00000027297	5.499	4.721	5.393	4.242	5.13	5.131
ENSMUSG00000037771	6.093	5.215	6.276	6.488	4.73	5.534
ENSMUSG00000105620	3.509	4.685	4.378	4.812	3.606	2.81
ENSMUSG00000057060	4.593	4.186	5.348	4.959	4.741	5.567
ENSMUSG00000021268	12.249	12.053	12.448	12.111	10.587	11.308
ENSMUSG00000056553	7.851	8.135	8.604	8.199	8.191	7.521
ENSMUSG00000102241	4.932	3.709	2.042	2.3	3.544	2.862
ENSMUSG00000070880	7.862	7.076	8.291	7.977	6.869	7.888
ENSMUSG00000021301	5.972	6.677	6.846	6.263	6.694	6.532
ENSMUSG00000044703	2.714	2.749	2.4	2.511	3.603	5.315
ENSMUSG00000033578	6.446	5.573	6.54	5.981	6.212	6.007
ENSMUSG00000033060	7.987	8.287	8.674	8.172	8.103	8.207
ENSMUSG00000028039	4.596	4.105	5.886	5.713	5.58	5.997
ENSMUSG00000028836	3.536	3.066	3.596	2.684	4.076	2.842
ENSMUSG00000029361	6.362	6.81	7.636	6.637	7.25	6.847
ENSMUSG00000023473	7.197	7.454	8.038	7.777	7.84	6.707
ENSMUSG00000034829	4.516	4.402	1.67	2.829	6.921	3.372
ENSMUSG00000000318	4.602	4.066	2.191	4.486	3.848	3.578
ENSMUSG00000032338	4.281	3.47	3.825	4.829	2.597	3.479
ENSMUSG00000032053	2.923	3.086	2.037	4.054	5.227	6.347
ENSMUSG00000105971	4.177	6.432	2.523	2.997	4.141	3.983
ENSMUSG00000035277	5.182	3.139	4.566	3.404	2.677	5.047
ENSMUSG00000042604	5.099	5.719	6.278	6.341	4.554	5.652
ENSMUSG00000033615	8.072	8.434	9.104	9.237	8.591	8.673
ENSMUSG00000064339	10.347	8.649	7.848	9.631	13.827	10.741
ENSMUSG00000038128	7.389	7.455	8.134	7.886	6.62	7.671
ENSMUSG00000035270	4.342	4.148	3.097	3.187	7.598	4.63
ENSMUSG00000034917	6.276	3.519	2.369	4.105	5.201	3.19
ENSMUSG00000097532	4.516	5.912	2.153	2.803	3.202	3.631
ENSMUSG00000063239	4.168	5.123	5.925	5.956	5.37	6.056
ENSMUSG00000030729	8.402	8.437	9.069	8.061	8.506	8.389
ENSMUSG00000067028	3.402	4.571	4.557	5.219	4.44	3.861
ENSMUSG00000097497	2.995	5.055	2.81	2.061	3.257	2.36
ENSMUSG00000044067	6.207	6.66	6.509	5.488	6.018	6.092
ENSMUSG00000025867	9.993	10.393	11.055	11.537	10.394	10.745
ENSMUSG00000097444	2.993	4.593	2.063	2.284	2.638	2.342
ENSMUSG00000019828	5.344	5.246	6.284	6.577	6.01	6.02
ENSMUSG00000038692	4.778	3.108	2.05	1.829	3.968	3.551
ENSMUSG00000005892	5.825	3.569	2.279	3.099	3.003	4.196
ENSMUSG00000049281	6.605	7.419	7.71	7.4	7.029	7.3
ENSMUSG00000040972	6.118	6.802	7.295	6.771	7.075	7.1
ENSMUSG00000098318	3.675	2.331	2.174	3.641	2.683	3.455
ENSMUSG00000103301	4.276	5.077	1.682	2.092	3.193	3.103
ENSMUSG00000059456	9.768	9.133	10.034	9.445	9.668	9.784
ENSMUSG00000107148	5.188	2.341	2.624	3.606	3.197	2.313
ENSMUSG00000025221	5.068	5.499	6.019	6.168	4.155	5.962
ENSMUSG00000051111	6.388	6.78	6.545	7.76	5.965	6.8
ENSMUSG00000007021	6.745	6.256	7.351	7.151	7.172	7.013
ENSMUSG00000030854	7.108	7.123	7.624	8.097	5.412	7.102
ENSMUSG00000036760	5.343	4.588	4.686	4.686	2.639	2.385
ENSMUSG00000085816	4.635	2.326	2.058	2.064	2.67	4.409
ENSMUSG00000021852	3.257	4.744	4.833	4.604	5.288	3.022
ENSMUSG00000055567	8.739	8.505	9.276	9.164	8.527	8.891
ENSMUSG00000037126	7.751	7.169	8.517	8.639	8.219	8.117
ENSMUSG00000004933	7.365	7.592	7.669	7.212	7.17	6.796
ENSMUSG00000021730	5.413	5.063	6.187	5.599	7.491	5.938
ENSMUSG00000032495	2.656	4.981	2.819	5.19	6.215	4.123
ENSMUSG00000059187	5.575	5.249	5.941	5.843	5.66	4.864
ENSMUSG00000027584	6.037	5.675	5.825	5.306	5.694	4.393
ENSMUSG00000079157	6.636	6.471	7.317	7.127	7.274	7.227
ENSMUSG00000016179	4.467	4.52	4.364	3.729	2.686	3.916
ENSMUSG00000036095	8.141	8.286	8.454	7.934	7.807	8.094
ENSMUSG00000102992	3.347	5.582	2.799	2.073	4.49	2.385
ENSMUSG00000035681	6.432	6.163	6.77	5.963	6.248	6.689
ENSMUSG00000027568	4.025	2.738	3.45	2.802	2.672	3.403
ENSMUSG00000102257	4.154	5.614	2.752	2.108	2.672	3.581
ENSMUSG00000097545	6.965	7.338	8.188	8.449	9.644	7.103
ENSMUSG00000038917	5.426	4.077	2.267	2.576	3.21	3.774
ENSMUSG00000079550	5.095	5.284	2.994	4.251	8.057	4.042
ENSMUSG00000063142	7.978	8.388	8.762	8.528	8.364	8.362
ENSMUSG00000103596	5.942	3.788	2.984	3.459	3.58	3.104
ENSMUSG00000073008	2.821	4.393	1.941	3.046	2.843	2.397
ENSMUSG00000030226	7.864	8.542	8.944	8.744	8.561	8.068
ENSMUSG00000102508	3.625	3.935	2.887	4.341	2.789	3.854
ENSMUSG00000002068	4.287	4.78	5.025	4.403	4.382	5.474
ENSMUSG00000047692	2.276	4.965	1.679	2.773	3.908	3.425
ENSMUSG00000071753	6.396	5.691	5.8	5.305	4.598	4.109
ENSMUSG00000097672	4.545	5.516	2.275	1.812	2.636	3.818
ENSMUSG00000105542	5.134	3.763	2.061	2.574	3.175	3.802
ENSMUSG00000103613	3.252	4.963	2.26	2.234	2.612	3.288
ENSMUSG00000105461	4.527	4.191	1.725	2.145	3.48	2.346
ENSMUSG00000074968	5.787	6.353	6.375	7.231	5.952	6.052
ENSMUSG00000019775	6.712	6.407	6.925	6.506	6.267	6.294
ENSMUSG00000029304	12.032	9.089	6.7	9.126	10.441	10.154
ENSMUSG00000031391	7.746	7.7	8.031	7.656	7.831	7.554
ENSMUSG00000060924	8.055	8.434	8.449	8.113	7.304	7.802
ENSMUSG00000104708	5.228	3.46	2.017	2.949	2.487	2.421
ENSMUSG00000048758	7.504	7.62	7.871	10.079	11.285	7.816
ENSMUSG00000058925	5.455	3.698	2.04	3.497	3.824	2.339
ENSMUSG00000085201	2.97	2.347	1.888	3.111	2.64	2.812
ENSMUSG00000048895	8.567	8.5	8.975	8.53	8.703	8.438
ENSMUSG00000027221	8.651	8.336	8.963	8.212	8.907	8.843
ENSMUSG00000064147	4.596	3.537	2.316	4.106	3.539	2.337
ENSMUSG00000105708	2.237	3.754	1.692	3.629	4.098	3.398
ENSMUSG00000064330	3.112	3.847	2.13	2.452	6.079	2.321
ENSMUSG00000046167	8.816	5.882	4.467	4.7	6.795	7.955
ENSMUSG00000004031	7.459	7.703	7.72	7.253	7.115	6.86
ENSMUSG00000044641	3.601	2.303	4.03	5.257	6.487	4.349
ENSMUSG00000031409	5.552	5.775	6.005	4.883	6.103	5.874
ENSMUSG00000043498	5.964	5.447	6.35	6.709	5.558	6.389
ENSMUSG00000086495	4.94	3.724	2.054	3.797	2.649	2.356
ENSMUSG00000090118	2.296	5.114	2.707	2.785	3.131	2.759
ENSMUSG00000039372	5.218	5.76	5.322	4.985	3.651	4.024
ENSMUSG00000068428	5.778	4.175	2.495	2.862	4.337	3.963
ENSMUSG00000017723	4.428	3.435	1.688	2.387	2.653	3.196
ENSMUSG00000003872	5.263	5.391	5.29	4.833	5.105	4.029
ENSMUSG00000070304	7.942	8.848	8.644	8.576	8.346	8.942
ENSMUSG00000022375	3.89	3.421	4.021	2.706	2.775	3.888
ENSMUSG00000094840	3.402	3.267	3.28	4.228	3.6	3.431
ENSMUSG00000008193	2.18	3.799	3.168	4.52	4.487	4.358
ENSMUSG00000024673	2.21	3.185	1.68	3.096	4.235	2.367
ENSMUSG00000084088	4.12	2.368	2.37	1.845	2.62	3.047
ENSMUSG00000029755	2.229	4.114	3.189	3.605	2.712	2.46
ENSMUSG00000037541	8.254	8.414	8.965	8.907	8.44	8.419
ENSMUSG00000024524	8.063	8.419	8.786	9.041	8.66	8.546
ENSMUSG00000034799	8.98	8.995	9.339	9.097	9.087	8.901
ENSMUSG00000022829	6.856	7.296	7.627	7.369	7.55	7.266
ENSMUSG00000082931	5.126	3.869	2.473	2.069	3.257	3.44
ENSMUSG00000044024	7.009	6.773	7.278	6.882	7.122	6.664
ENSMUSG00000039717	6.113	4.73	5.686	5.149	4.889	5.618
ENSMUSG00000099759	5.513	4.326	1.904	4.28	4.167	2.784
ENSMUSG00000049148	4.976	5.541	5.554	6.087	4.724	5.177
ENSMUSG00000034584	4.682	3.078	4.177	3.46	3.845	4.264
ENSMUSG00000087624	4.411	3.132	1.698	2.398	3.188	2.816
ENSMUSG00000026787	7.323	7.329	7.908	8.024	5.749	7.521
ENSMUSG00000064329	7.007	7.261	7.281	8.063	6.615	7.258
ENSMUSG00000003469	8.449	8.32	9.708	8.294	8.674	9.418
ENSMUSG00000040412	6.506	6.473	6.525	6.427	4.349	5.723
ENSMUSG00000040797	8.488	7.521	8.364	8.146	7.839	8.331
ENSMUSG00000083856	2.227	4.226	1.93	2.643	2.642	2.435
ENSMUSG00000034472	5.688	6.852	6.504	7.462	5.778	6.626
ENSMUSG00000045009	5.33	5.954	5.884	5.79	5.21	6.481
ENSMUSG00000106905	4.326	2.742	3.998	4.98	4.516	4.127
ENSMUSG00000034098	5.501	5.471	5.626	5.056	5.306	4.99
ENSMUSG00000038026	7.497	6.355	7.32	6.758	6.625	6.552
ENSMUSG00000043388	8.685	7.702	8.035	7.591	6.294	7.267
ENSMUSG00000064337	10.64	8.282	7.568	9.117	14.305	10.134
ENSMUSG00000027559	4.852	5.185	2.828	5.267	5.464	3.066
ENSMUSG00000103092	4.683	5.241	4.028	5.245	4.583	2.382
ENSMUSG00000046480	5.894	6.91	6.491	7.589	6.625	6.331
ENSMUSG00000021613	4.031	4.582	5.125	5.108	4.454	5.149
ENSMUSG00000014813	4.173	4.733	3.787	2.743	3.191	2.771
ENSMUSG00000021848	6.044	2.781	2.781	2.885	6.236	3.585
ENSMUSG00000091002	4.615	4.367	3.9	5.24	3.853	4.184
ENSMUSG00000001986	9.104	8.633	9.343	8.463	9.164	8.246
ENSMUSG00000090293	6.489	3.877	3.046	3.038	4.909	5.02
ENSMUSG00000028546	6.69	6.484	6.831	6.845	6.235	6.537
ENSMUSG00000083183	4.96	5.971	2.449	2.595	4.16	3.166
ENSMUSG00000029245	6.993	7.355	7.577	8.241	7.527	8.302
ENSMUSG00000102359	4.4	3.058	2.049	1.814	3.26	3.152
ENSMUSG00000083796	6.728	5.658	2.735	3.465	4.297	3.715
ENSMUSG00000058975	7.858	7.281	7.866	7.522	6.97	7.583
ENSMUSG00000075316	6.687	5.002	3.292	2.435	4.362	3.281
ENSMUSG00000035202	10.86	10.842	8.22	10.119	14.489	11.819
ENSMUSG00000097929	5.55	4.693	5.298	4.578	4.522	4.757
ENSMUSG00000022269	3.683	4.302	3.718	3.058	3.324	3.061
ENSMUSG00000024403	8.138	8.313	8.745	8.264	8.888	8.466
ENSMUSG00000025855	9.661	9.231	9.752	9.145	9.609	9.954
ENSMUSG00000025738	9.311	9.877	10.306	10.252	10.109	10.077
ENSMUSG00000037492	5.63	3.847	5.422	5.707	4.748	5.251
ENSMUSG00000031138	5.367	3.201	1.994	2.468	4.699	5.209
ENSMUSG00000097399	5.336	3.389	1.903	3.064	4.44	3.852
ENSMUSG00000072688	3.978	4.124	1.916	3.962	2.684	3.656
ENSMUSG00000073779	3.834	4.012	3.907	4.547	2.69	3.787
ENSMUSG00000086499	4.861	3.702	2.056	2.085	4.504	2.366
ENSMUSG00000050377	4.886	4.974	2.52	4.875	4.36	3.109
ENSMUSG00000042425	3.528	2.321	3.263	3.537	2.712	3.101
ENSMUSG00000062393	5.348	4.595	3.019	2.07	3.069	2.3
ENSMUSG00000104200	4.441	5.148	1.682	2.939	2.629	2.387
ENSMUSG00000094226	3.352	4.992	1.687	3.714	3.232	3.169
ENSMUSG00000084390	6.847	6.153	3.219	3.564	2.691	4.583
ENSMUSG00000098202	4.67	4.62	4.534	4.588	2.641	3.956
ENSMUSG00000092103	6.284	5.114	2.887	2.849	4.346	4.196
ENSMUSG00000099472	5.008	5.522	1.91	3.002	3.091	2.328
ENSMUSG00000035504	5.83	4.874	4.419	5.32	9.369	5.573
ENSMUSG00000022054	6.722	7.053	7.603	6.698	6.292	7.351
ENSMUSG00000037474	4.259	5.085	4.88	4.95	4.748	4.05
ENSMUSG00000078144	3.451	5.681	2.548	2.672	3.912	3.928
ENSMUSG00000072672	4.767	3.34	5.417	5.164	6.732	5.232
ENSMUSG00000051452	2.594	2.893	1.681	3.123	2.687	3.797
ENSMUSG00000027073	4.323	4.361	2.042	5.305	6.477	7.335
ENSMUSG00000106710	5.117	2.315	1.707	2.976	4.502	3.769
ENSMUSG00000087579	3.805	3.736	3.286	4.911	5.488	4.229
ENSMUSG00000045441	4.047	3.72	4.321	4.569	4.325	4.093
ENSMUSG00000048355	4.122	4.075	5.185	5.653	5.862	5.589
ENSMUSG00000022362	5.11	4.179	2.806	5.191	4.351	5.103
ENSMUSG00000074817	5.694	4.748	2.335	2.899	4.004	3.177
ENSMUSG00000026825	10.274	9.897	10.377	9.934	10.461	10.235
ENSMUSG00000004113	8.17	7.641	8.116	7.989	7.555	7.942
ENSMUSG00000026312	6.213	4.347	5.66	4.606	5.467	5.443
ENSMUSG00000071716	5.386	3.331	2.296	2.667	4.84	3.384
ENSMUSG00000042750	7.39	6.894	7.552	7.432	7.137	7.12
ENSMUSG00000040364	4.463	3.831	2.779	4.81	4.804	4.684
ENSMUSG00000066677	6.872	3.316	3.01	2.822	6.036	5.887
ENSMUSG00000056643	4.621	2.792	2.292	4.092	3.889	3.589
ENSMUSG00000097915	2.998	3.68	4.214	4.211	5.187	4.291
ENSMUSG00000034687	6.848	7.479	7.501	8.143	7.481	7.232
ENSMUSG00000006235	4.022	4.301	4.163	4.26	4.47	2.791
ENSMUSG00000028931	8.386	8.61	8.923	8.77	9.122	8.938
ENSMUSG00000105500	5.241	4.893	2.146	3.052	2.66	3.832
ENSMUSG00000055629	6.739	6.277	6.646	6.164	6.066	6.677
ENSMUSG00000062961	5.248	5.233	5.553	5.619	6.118	5.057
ENSMUSG00000103738	2.292	5.193	2.385	3.195	2.691	3.579
ENSMUSG00000025983	4.495	2.332	2.433	2.073	4.084	2.354
ENSMUSG00000107358	4.507	5.02	2.369	1.843	2.692	3.159
ENSMUSG00000026202	8.574	8.632	8.98	8.483	8.755	9.344
ENSMUSG00000052026	6.515	6.972	6.86	5.982	6.284	6.709
ENSMUSG00000076617	9.523	8.742	6.006	9.911	11.087	12.518
ENSMUSG00000104178	4.243	3.511	3.994	3.288	3.178	4.228
ENSMUSG00000042200	4.19	3.284	2.727	4.168	3.42	3.414
ENSMUSG00000031343	7.574	6.605	7.539	7.365	7.723	7.32
ENSMUSG00000008932	3.147	4.154	2.035	2.471	6.146	3.08
ENSMUSG00000094286	3.105	3.426	2.433	3.476	2.633	2.461
ENSMUSG00000093628	2.969	4.707	2.276	2.263	3.237	2.354
ENSMUSG00000022756	6.79	7.103	7.195	6.644	7.443	7.261
ENSMUSG00000072621	6.466	4.236	3.201	2.689	5.024	4.872
ENSMUSG00000045318	5.215	4.989	5.083	6.085	5.354	5.124
ENSMUSG00000039252	6.769	7.231	7.013	7.82	6.638	7.093
ENSMUSG00000106133	2.281	3.291	2.703	1.815	2.66	3.45
ENSMUSG00000053693	6.956	7.068	7.126	6.577	6.902	6.968
ENSMUSG00000080937	2.271	4.296	2.062	1.816	4.083	2.366
ENSMUSG00000048001	3.898	5.022	4.612	5.315	3.68	4.965
ENSMUSG00000021596	7.443	6.83	7.455	7.377	7.511	6.857
ENSMUSG00000048834	6.629	6.91	6.699	6.3	6.623	5.379
ENSMUSG00000021194	7.1	6.568	7.215	7.437	7.195	7.015
ENSMUSG00000018930	6.313	3.065	2.47	3.51	4.973	5.624
ENSMUSG00000041141	6.989	6.733	6.936	6.542	6.414	6.336
ENSMUSG00000048304	7.053	8.288	7.439	6.974	6.844	6.715
ENSMUSG00000097391	6.438	6.841	6.6	6.566	6.208	5.159
ENSMUSG00000073514	5.582	5.777	6.208	6.436	5.945	6.446
ENSMUSG00000031722	2.242	5.458	1.708	3.71	5.237	2.871
ENSMUSG00000032528	5.416	5.276	5.403	5.338	4.479	5.039
ENSMUSG00000104581	5.001	2.767	2.628	3.584	3.256	2.378
ENSMUSG00000103999	5.083	4.868	1.706	2.676	3.189	3.678
ENSMUSG00000032011	9.502	9.405	9.639	9.128	9.61	9.564
ENSMUSG00000056427	6.67	6.814	6.817	7.204	7.701	6.502
ENSMUSG00000090255	2.62	3.872	3.339	3.185	3.24	2.787
ENSMUSG00000102665	2.616	4.367	3.019	2.08	2.72	3.091
ENSMUSG00000090066	4.847	2.33	3.545	2.976	3.619	3.409
ENSMUSG00000023345	5.744	4.848	5.077	7.039	7.6	5.805
ENSMUSG00000046204	7.003	7.115	7.148	6.559	7.181	6.991
ENSMUSG00000044556	3.484	5.157	2.065	2.831	3.51	3.063
ENSMUSG00000035576	5.002	4.219	4.337	4.519	2.786	4.121
ENSMUSG00000056812	8.031	7.201	7.458	7.147	6.347	6.503
ENSMUSG00000032773	8.369	8.352	8.589	8.178	8.478	8.437
ENSMUSG00000032776	6.133	4.958	4.534	3.347	4.499	3.829
ENSMUSG00000080731	3.816	5.819	2.49	2.675	4.513	2.86
ENSMUSG00000103694	4.476	6.039	5.292	5.802	4.318	4.432
ENSMUSG00000083359	3.389	2.314	1.906	3.048	3.244	2.377
ENSMUSG00000054034	5.535	5.587	5.754	5.155	5.869	5.788
ENSMUSG00000083104	5.853	4.904	2.632	3.294	3.551	2.898
ENSMUSG00000026725	3.222	4.532	1.887	2.107	3.176	2.774
ENSMUSG00000086496	4.693	3.064	4.235	4.723	3.84	4.344
ENSMUSG00000030500	4.873	4.886	5.063	4.317	4.269	5.496
ENSMUSG00000022518	2.624	5.43	2.345	2.814	4.995	2.8
ENSMUSG00000022696	6.185	7.785	7.08	6.836	7.79	5.576
ENSMUSG00000030043	4.275	3.059	3.721	3.486	3.208	3.433
ENSMUSG00000095040	2.728	2.63	2.672	2.155	3.58	2.372
ENSMUSG00000089663	4.583	4.851	3.305	1.803	2.73	2.384
ENSMUSG00000015340	11.064	8.436	6.656	7.539	8.734	9.585
ENSMUSG00000028137	7.953	7.656	7.911	8.03	7.465	6.864
ENSMUSG00000063626	7.308	4.686	6.568	6.002	6.396	5.866
ENSMUSG00000057378	6.812	7.196	6.999	7.701	6.699	6.999
ENSMUSG00000038115	3.13	4.073	3.686	3.486	6.926	2.352
ENSMUSG00000043592	2.284	2.321	2.283	3.217	3.527	2.79
ENSMUSG00000041986	7.672	7.016	7.771	7.481	8.063	7.627
ENSMUSG00000095306	5.354	3.877	2.684	2.418	3.607	3.387
ENSMUSG00000003279	9.59	9.83	9.92	9.592	10.07	9.931
ENSMUSG00000030525	4.445	4.041	4.835	4.141	5.529	4.764
ENSMUSG00000022129	5.82	3.374	2.664	3.163	5.94	2.816
ENSMUSG00000083849	3.366	4.167	2.745	4.11	2.658	3.812
ENSMUSG00000085218	5.168	3.652	2.503	2.809	3.903	3.305
ENSMUSG00000059857	5.631	5.174	5.327	6.239	4.831	5.509
ENSMUSG00000020673	5.099	3.126	1.88	2.39	5.76	3.307
ENSMUSG00000020264	5.218	4.933	3.063	5.052	4.798	3.419
ENSMUSG00000026527	5.985	6.92	6.89	6.604	6.95	7.364
ENSMUSG00000081816	2.245	4.987	2.987	1.841	2.693	4.525
ENSMUSG00000102312	2.978	3.775	3.842	3.968	3.535	4.208
ENSMUSG00000045967	7.921	7.915	8.012	7.919	7.16	7.743
ENSMUSG00000104493	5.305	4.494	2.343	2.029	2.719	4.495
ENSMUSG00000086739	3.588	5.102	4.573	4.773	4.272	4.568
ENSMUSG00000097767	10.274	10.138	10.129	9.751	9.961	9.402
ENSMUSG00000103320	2.66	4.225	2.414	3.908	3.893	3.084
ENSMUSG00000041923	6.461	6.837	7.019	6.599	6.93	7.222
ENSMUSG00000086997	4.19	2.379	2.709	2.257	3.238	2.335
ENSMUSG00000100929	4.229	2.304	1.671	2.299	4.87	2.923
ENSMUSG00000064225	6.694	6.646	6.998	6.288	6.936	6.979
ENSMUSG00000058755	5.905	4.42	2.433	3.005	5.063	2.784
ENSMUSG00000022221	5.854	3.983	2.508	2.892	5.107	3.933
ENSMUSG00000040118	9.126	9.251	9.35	8.781	9.613	9.143
ENSMUSG00000105789	2.261	3.358	2.155	3.161	3.224	2.361
ENSMUSG00000057074	4.765	2.751	1.902	2.102	4.508	3.931
ENSMUSG00000003948	7.988	8.485	8.065	7.639	8.716	9.113
ENSMUSG00000039539	3.59	3.093	3.374	3.73	3.561	2.771
ENSMUSG00000103255	5.79	5.042	4.482	2.782	2.701	4.784
ENSMUSG00000102816	4.33	4.762	3.825	4.717	2.708	3.533
ENSMUSG00000026610	4.786	4.955	5.288	5.554	5.434	5.215
ENSMUSG00000039629	6.436	7.493	7.083	7.588	6.596	6.67
ENSMUSG00000070336	5.29	3.061	2.804	2.298	4.464	3.803
ENSMUSG00000103751	4.875	4.901	2.076	1.827	4.498	2.76
ENSMUSG00000050321	6.717	7.436	7.071	6.771	7.34	6.671
ENSMUSG00000052516	7.461	7.55	7.825	8.48	8.158	7.853
ENSMUSG00000102619	4.612	3.8	2.384	1.832	2.606	3.435
ENSMUSG00000048142	8.916	8.695	9.064	9.072	9.057	8.909
ENSMUSG00000086356	2.965	4.03	2.382	3.805	3.864	2.795
ENSMUSG00000106004	5.349	3.843	2.173	1.766	3.419	3.692
ENSMUSG00000082154	2.95	2.323	2.769	2.418	2.685	2.852
ENSMUSG00000028834	3.586	2.787	2.173	3.732	4.891	3.591
ENSMUSG00000085779	4.334	4.157	4.097	4.633	3.557	4.336
ENSMUSG00000104874	3.948	6.054	3.089	2.991	3.238	3.952
ENSMUSG00000047428	5.216	6.132	5.437	4.374	4.641	5.595
ENSMUSG00000105717	4.557	5.23	2.058	2.827	3.216	2.773
ENSMUSG00000024793	4.321	3.449	3.568	2.902	3.091	3.599
ENSMUSG00000106290	5.239	4.099	2.056	3.306	3.889	2.363
ENSMUSG00000028488	7.936	8.604	8.696	8.131	8.158	7.796
ENSMUSG00000078129	3.15	3.132	3.181	3.766	3.615	3.091
ENSMUSG00000047904	5.14	3.536	4.776	3.972	4.556	5.156
ENSMUSG00000087439	4.052	3.339	1.701	2.286	2.67	2.81
ENSMUSG00000087593	2.878	2.327	3.004	1.843	3.855	4.388
ENSMUSG00000104122	5.254	4.778	2.566	3.07	2.615	2.416
ENSMUSG00000106943	4.859	6.511	3.169	2.672	3.799	4.933
ENSMUSG00000055214	2.915	3.924	3.072	4.249	2.699	4.748
ENSMUSG00000092268	4.335	3.463	1.616	4.234	3.555	4.75
ENSMUSG00000037217	9.082	9.607	9.615	9.376	9.713	9.565
ENSMUSG00000028351	7.318	8.255	7.978	8.289	8.263	8.02
ENSMUSG00000081104	3.343	5.509	2.148	2.33	4.909	3.103
ENSMUSG00000082686	4.322	4.142	1.72	2.624	2.745	2.76
ENSMUSG00000034413	6.733	7.52	7.617	7.543	6.762	7.898
ENSMUSG00000027016	3.566	4.413	4.785	4.734	5.644	5.576
ENSMUSG00000033419	8.378	9.238	8.991	8.209	9.103	8.815
ENSMUSG00000020808	2.246	3.129	3.157	2.789	2.666	4.666
ENSMUSG00000106646	4.237	4.156	2.619	4.544	3.898	3.026
ENSMUSG00000105826	4.654	2.801	1.9	3.269	3.24	3.606
ENSMUSG00000032373	7.544	5.193	5.223	3.941	5.602	5.549
ENSMUSG00000102037	7.026	4.04	3.079	4.32	5.739	4.303
ENSMUSG00000024675	6.132	4.208	4.215	2.924	4.323	4.769
ENSMUSG00000010592	4.508	2.99	3.053	2.283	3.245	2.201
ENSMUSG00000039883	2.227	3.791	2.762	4.335	5.264	3.701
ENSMUSG00000103403	3.168	3.348	2.999	4.006	3.232	3.737
ENSMUSG00000097344	4.762	3.15	3.425	3.76	2.712	2.324
ENSMUSG00000104284	4.235	4.12	4.105	4.439	3.846	3.658
ENSMUSG00000024172	6.732	6.452	7.023	6.902	7.048	7.306
ENSMUSG00000087349	2.922	5.04	2.931	2.068	3.164	3.447
ENSMUSG00000033520	4.727	3.11	2.162	2.854	2.63	3.642
ENSMUSG00000100815	5.914	4.497	2.809	2.874	3.876	4.673
ENSMUSG00000048385	7.19	6.801	7.323	7.532	6.92	8.003
ENSMUSG00000104912	2.191	5.438	2.241	3.79	4.732	3.327
ENSMUSG00000097381	5.449	4.077	3.179	1.906	3.736	3.303
ENSMUSG00000050711	8.668	6.929	7.429	7.273	6.207	7.069
ENSMUSG00000102709	2.724	2.378	2.724	2.054	3.824	3.157
ENSMUSG00000104149	3.495	3.085	3.096	2.605	2.648	2.779
ENSMUSG00000025318	8.303	8.473	8.299	8.513	8.551	8.812
ENSMUSG00000051703	6.66	6.794	6.203	5.749	6.165	5.833
ENSMUSG00000039419	6.892	7.525	7.624	7.276	7.813	7.54
ENSMUSG00000002489	8.628	8.858	9.089	8.867	8.941	8.583
ENSMUSG00000061578	7.699	8.154	7.882	8.024	7.597	7.557
ENSMUSG00000052392	4.698	3.306	3.327	2.826	2.719	2.79
ENSMUSG00000105224	4.281	2.41	2.327	2.097	3.845	2.227
ENSMUSG00000041608	4.708	4.41	4.035	4.813	3.225	3.933
ENSMUSG00000092183	3.542	4.043	1.716	2.085	3.55	4.931
ENSMUSG00000056486	9.882	10.136	10.293	10.026	10.59	10.413
ENSMUSG00000092604	3.952	2.312	1.901	3.587	4.125	3.303
ENSMUSG00000023045	4.697	3.436	1.881	2.831	2.724	3.305
ENSMUSG00000081854	4.455	5.092	1.779	3.171	5.599	3.011
ENSMUSG00000000305	7.118	7.497	7.011	5.631	7.306	6.984
ENSMUSG00000030898	5.897	6.09	6.394	6.221	6.653	6.607
ENSMUSG00000094910	8.104	8.455	8.373	8.601	8.295	8.298
ENSMUSG00000066682	2.914	5.925	2.799	3.449	4.143	4.066
ENSMUSG00000102938	5.453	4.749	4.564	3.729	5.45	3.77
ENSMUSG00000103216	4.035	4.879	3.459	2.063	3.49	2.518
ENSMUSG00000005202	4.663	4.462	2.635	4.585	3.406	3.188
ENSMUSG00000086308	2.952	3.88	2.685	3.64	2.67	2.828
ENSMUSG00000091510	3.793	4.16	3.452	4.212	2.761	3.305
ENSMUSG00000091575	5.726	4.131	2.394	2.417	5.335	4.141
ENSMUSG00000027820	3.368	5.596	3.575	5.22	4.816	4.489
ENSMUSG00000103310	5.099	5.365	5.02	4.156	3.628	5.59
ENSMUSG00000021057	8.704	8.264	8.001	8.429	7.174	7.242
ENSMUSG00000083745	2.664	2.632	2.773	3.653	3.966	3.874
ENSMUSG00000042254	4.767	9.026	5.8	5.547	7.524	6.83
ENSMUSG00000104108	4.329	5.421	2.04	2.101	4.139	4.184
ENSMUSG00000030577	8.068	4.523	3.669	5.612	6.697	6.979
ENSMUSG00000099170	4.577	3.153	1.883	2.096	4.269	3.636
ENSMUSG00000049971	5.262	5.411	4.953	5.667	5.293	5.062
ENSMUSG00000084218	5.276	4.939	2.193	2.398	4.126	3.467
ENSMUSG00000069516	13.546	11.179	9.127	10.705	12.353	11.803
ENSMUSG00000000869	4.893	2.351	1.87	2.609	4.21	3.95
ENSMUSG00000093758	3.538	4.919	1.88	3.094	3.625	2.373
ENSMUSG00000101452	3.137	3.359	1.687	3.184	3.272	3.182
ENSMUSG00000025739	3.216	4.184	4.887	4.862	6.027	5.862
ENSMUSG00000102895	3.98	4.612	1.906	3.944	3.799	3.161
ENSMUSG00000026175	2.9	4.426	1.689	2.297	2.701	3.577
ENSMUSG00000034825	7.352	6.257	6.723	5.986	6.322	7.005
ENSMUSG00000097619	4.983	4.704	1.704	4.34	3.156	4.473
ENSMUSG00000024846	2.957	3.117	3.057	3.643	3.909	3.155
ENSMUSG00000086820	3.437	4.699	1.96	4.442	4.777	4.083
ENSMUSG00000038576	6.888	8.036	7.955	7.358	7.925	8.44
ENSMUSG00000038663	5.795	5.629	2.421	2.939	4.21	3.925
ENSMUSG00000025938	6.68	4.575	4.268	6.201	5.658	4.685
ENSMUSG00000080972	6.628	5.503	3.311	3.65	5.104	4.032
ENSMUSG00000047515	4.394	5.114	2.409	1.795	3.67	2.84
ENSMUSG00000052749	5.081	2.752	2.582	2.662	3.954	3.961
ENSMUSG00000102951	4.671	5.388	2.613	1.836	2.658	3.987
ENSMUSG00000049097	6.584	5.349	6.208	6.409	6.348	6.601
ENSMUSG00000027335	4.048	3.732	4.006	3.433	4.378	4.164
ENSMUSG00000074505	9.664	9.25	8.986	10.032	9.255	9.134
ENSMUSG00000091993	3.46	3.093	2.5	3.457	2.601	3.213
ENSMUSG00000029161	5.386	5.553	5.556	5.56	5.381	5.685
ENSMUSG00000038807	8.051	8.513	8.516	8.329	8.502	8.354
ENSMUSG00000082484	5.523	4.801	2.896	2.864	2.679	3.413
ENSMUSG00000078887	5.546	5.72	4.281	6.231	7.235	4.657
ENSMUSG00000090264	2.644	5.174	3.507	2.783	3.881	3.768
ENSMUSG00000055761	4.93	5.207	4.475	4.199	3.921	3.377
ENSMUSG00000053550	8.207	8.342	8.135	7.997	8.439	7.984
ENSMUSG00000092182	2.277	4.281	2.044	2.773	2.626	2.867
ENSMUSG00000101587	2.93	5.758	3.09	2.462	3.843	4.692
ENSMUSG00000104705	4.479	2.341	2.291	2.282	3.859	3.13
ENSMUSG00000106121	3.346	4.52	2.064	3.903	3.548	3.818
ENSMUSG00000042800	2.978	4.917	2.524	2.433	2.637	3.549
ENSMUSG00000107306	2.722	2.951	2.474	3.185	2.87	3.515
ENSMUSG00000106773	2.237	3.597	2.293	3.119	2.79	3.046
ENSMUSG00000025372	8.501	9.208	8.484	8.622	8.668	8.853
ENSMUSG00000102994	3.132	5.693	2.925	3.168	4.273	3.185
ENSMUSG00000026715	4.162	6.466	3.081	2.692	4.041	5.311
ENSMUSG00000000308	7.877	7.027	7.481	7.385	7.629	7.259
ENSMUSG00000099703	2.911	2.317	3.174	3.074	3.333	4.346
ENSMUSG00000039860	5.309	6.38	6.082	6.265	6.618	6.464
ENSMUSG00000056656	2.955	3.55	2.486	3.685	3.225	3.78
ENSMUSG00000062184	5.97	6.271	6.178	6.568	5.384	6.789
ENSMUSG00000043289	4.345	3.78	1.886	3.492	2.715	3.104
ENSMUSG00000014030	5.367	4.997	1.974	4.084	3.318	3.059
ENSMUSG00000032561	6.652	5.295	3.001	5.786	6.138	4.866
ENSMUSG00000051456	4.359	2.699	2.246	2.598	3.328	3.045
ENSMUSG00000021534	3.378	3.468	3.485	3.886	3.334	4.014
ENSMUSG00000087326	5.037	3.685	1.901	2.862	4.11	3.551
ENSMUSG00000102449	3.148	4.917	2.442	3.44	3.112	2.403
ENSMUSG00000068396	2.221	4.547	2.315	2.069	2.634	4.157
ENSMUSG00000097997	5.796	3.873	2.88	2.604	4.764	4.195
ENSMUSG00000042282	5.803	5.357	3.575	4.263	8.698	5.166
ENSMUSG00000002997	6.87	6.995	6.433	7.499	7.17	6.86
ENSMUSG00000021071	8.691	9.266	9.034	9.187	9.188	9.232
ENSMUSG00000091154	3.873	4.722	1.999	4.429	3.126	4.564
ENSMUSG00000032726	4.603	4.358	1.938	2.499	3.789	2.795
ENSMUSG00000023216	3.417	4.421	2.451	3.935	4.174	2.368
ENSMUSG00000023047	2.63	4.538	1.873	3.474	3.194	3.651
ENSMUSG00000035385	8.135	3.964	3.893	4.171	7.565	7.917
ENSMUSG00000035963	2.888	3.339	2.816	2.107	3.886	2.4
ENSMUSG00000087050	3.698	4.917	3.028	4.573	4.67	3.348
ENSMUSG00000073486	2.634	2.328	1.712	3.269	4.483	4.915
ENSMUSG00000016349	10.266	9.691	9.924	9.678	10.014	10.351
ENSMUSG00000063446	5.081	5.073	4.92	4.127	5.414	5.067
ENSMUSG00000097265	3.532	4.555	4.162	4.729	4.089	4.773
ENSMUSG00000037982	3.824	3.745	3.061	3.983	2.606	3.187
ENSMUSG00000042671	6.042	6.798	6.325	6.869	6.174	6.658
ENSMUSG00000103192	5.315	7.955	3.958	4.478	6.792	5.882
ENSMUSG00000090546	10.426	10.636	10.061	11.501	10.924	10.398
ENSMUSG00000034187	10.705	10.21	10.833	9.731	10.782	10.228
ENSMUSG00000035373	7.695	5.044	3.227	4.364	6.198	6.563
ENSMUSG00000105846	2.243	4.279	2.278	3.333	3.594	2.367
ENSMUSG00000046449	7.216	7.329	6.74	6.256	6.886	6.764
ENSMUSG00000034427	4.599	2.294	2.57	3.174	2.688	2.845
ENSMUSG00000096870	4.836	8.099	4.365	4.872	6.238	5.92
ENSMUSG00000031253	5.674	3.596	2.708	4.205	3.943	3.031
ENSMUSG00000047490	5.056	4.246	2.272	4.224	3.606	3.924
ENSMUSG00000073067	3.372	4.929	3.595	4.07	3.202	2.804
ENSMUSG00000022041	3.907	2.308	3.154	3.438	3.906	2.844
ENSMUSG00000093436	5.294	4.317	2.593	2.734	3.276	3.059
ENSMUSG00000105553	2.678	5.061	2.792	3.725	2.706	3.278
ENSMUSG00000086544	4.746	4.674	4.01	3.236	4.438	3.423
ENSMUSG00000089901	2.252	4.573	2.476	1.804	5.87	3.06
ENSMUSG00000029765	9.309	9.097	9.088	8.851	9.205	9.069
ENSMUSG00000097451	9.698	10.245	9.623	9.578	9.099	9.233
ENSMUSG00000043439	6.287	6.561	6.404	5.836	7.619	6.706
ENSMUSG00000054450	3.409	3.828	2.08	3.142	2.798	5.641
ENSMUSG00000020963	6.169	3.705	2.646	4.32	6.166	2.827
ENSMUSG00000032297	6.325	4.834	5.05	5.227	4.579	4.723
ENSMUSG00000028758	4.438	6.11	5.304	5.695	5.109	5.676
ENSMUSG00000024274	3.166	2.329	1.709	2.553	5.152	3.411
ENSMUSG00000090706	4.231	2.341	2.034	2.734	3.202	3.17
ENSMUSG00000091387	3.947	4.293	4.453	5.004	4.761	4.348
ENSMUSG00000093536	4.03	4.79	4.117	3.616	4.411	3.642
ENSMUSG00000022479	6.478	4.173	3.04	2.902	5.373	5.866
ENSMUSG00000025170	6.086	6.327	6.123	5.571	6.654	6.067
ENSMUSG00000104272	2.962	3.846	3.386	3.986	3.55	3.766
ENSMUSG00000063430	7.319	7.528	7.162	8.111	8.142	7.579
ENSMUSG00000105676	2.773	2.929	1.959	1.828	5.045	3.809
ENSMUSG00000106291	3.3	4.084	2.346	3.674	3.654	2.887
ENSMUSG00000086826	2.986	6.08	2.858	3.095	6.025	3.4
ENSMUSG00000097305	4.624	3.52	3.683	2.675	4.32	3.589
ENSMUSG00000097636	2.602	3.565	3.067	3.355	4.106	2.413
ENSMUSG00000098322	2.989	5.402	2.377	2.698	4.013	4.334
ENSMUSG00000085925	7.702	7.328	6.771	6.797	5.704	6.415
ENSMUSG00000041773	10.948	10.396	10.345	9.613	9.902	10.587
ENSMUSG00000047798	7.854	5.586	3.82	5.338	6.127	6.575
ENSMUSG00000052616	3.217	2.377	2.738	2.587	3.548	2.349
ENSMUSG00000091556	3.402	2.386	2.153	3.166	2.659	3.104
ENSMUSG00000103560	7.311	7.9	4.555	4.076	5.859	4.349
ENSMUSG00000102827	2.997	4.841	2.045	2.093	4.266	3.59
ENSMUSG00000010311	5.053	3.405	2.822	2.682	2.667	4.136
ENSMUSG00000002341	9.238	9.687	9.43	9.591	9.587	9.578
ENSMUSG00000092325	4.594	4.167	2.223	3.343	3.284	2.379
ENSMUSG00000051323	7.984	8.177	7.813	6.87	6.984	7.15
ENSMUSG00000038239	4.754	3.7	2.404	3.811	3.878	2.381
ENSMUSG00000033676	8.597	8.967	9.055	9.291	9.918	8.661
ENSMUSG00000090778	4.668	4.801	2.042	2.432	3.268	3.348
ENSMUSG00000040728	3.356	4.937	1.688	3.795	4.776	2.848
ENSMUSG00000097430	3.234	2.796	3.22	3.795	3.539	4.016
ENSMUSG00000021211	4.605	5.357	2.507	2.287	3.644	3.409
ENSMUSG00000080796	4.481	3.772	1.922	2.185	3.218	3.442
ENSMUSG00000022296	4.854	4.547	5.002	5.075	5.264	5.549
ENSMUSG00000007480	3.215	4.83	1.704	3.047	3.829	3.152
ENSMUSG00000097523	3.442	3.496	3.197	1.821	4.177	3.933
ENSMUSG00000013928	4.353	3.78	1.905	2.068	5.118	2.387
ENSMUSG00000087644	5.212	4.563	3.613	4.902	3.822	4.142
ENSMUSG00000055972	5.121	3.564	2.696	2.801	4.135	3.167
ENSMUSG00000019888	5.204	5.543	5.407	5.301	5.512	5.341
ENSMUSG00000102607	2.695	4.993	2.146	3.537	3.625	3.529
ENSMUSG00000087700	2.244	4.261	2.06	2.105	3.206	3.358
ENSMUSG00000050138	2.685	4.316	4.226	4.285	5.823	3.991
ENSMUSG00000107216	2.591	4.208	3.028	2.042	4.274	2.863
ENSMUSG00000027606	2.268	3.941	2.261	3.583	4.113	3.394
ENSMUSG00000030270	5.674	4.542	4.379	3.631	4.493	4.132
ENSMUSG00000030092	5.817	6.646	5.821	5.233	5.614	6.3
ENSMUSG00000061577	5.137	3.935	2.083	3.388	3.581	3.172
ENSMUSG00000086385	4.29	4.137	2.063	2.062	3.577	2.337
ENSMUSG00000028584	4.526	5.444	3.067	5.593	6.099	6.063
ENSMUSG00000086933	5.687	5.431	2.801	2.768	3.546	3.984
ENSMUSG00000091922	5.113	4.692	2.037	1.819	4.985	3.588
ENSMUSG00000098620	4.993	5.883	2.189	3.116	4.986	3.069
ENSMUSG00000075416	5.795	4.816	2.802	2.253	3.457	4.813
ENSMUSG00000005583	10.148	9.807	9.803	9.662	10.353	9.796
ENSMUSG00000090001	3.671	4.261	1.707	2.458	2.671	2.794
ENSMUSG00000097162	4.21	2.345	2.261	2.423	3.237	2.83
ENSMUSG00000040856	7.731	6.222	3.861	4.714	6.161	6.142
ENSMUSG00000040420	6.153	5.338	5.301	4.182	5.734	6.05
ENSMUSG00000023043	3.253	3.994	2.786	2.483	6.721	4.369
ENSMUSG00000093402	2.274	3.224	2.028	2.138	4.569	4.764
ENSMUSG00000015852	10.092	7.662	6.072	7.119	8.503	8.5
ENSMUSG00000006457	3.149	3.134	2.818	2.107	2.62	3.649
ENSMUSG00000074052	3.421	4.575	2.182	2.057	3.557	2.359
ENSMUSG00000091730	4.92	5.778	2.812	2.563	3.625	3.774
ENSMUSG00000087606	5.491	5.123	2.262	2.611	5.361	2.983
ENSMUSG00000038704	3.097	5.88	3.068	2.573	5.727	3.814
ENSMUSG00000105966	5.628	6.205	2.397	3.664	3.55	4.665
ENSMUSG00000043635	5.299	6.101	5.298	5.498	5.589	4.191
ENSMUSG00000059742	7.803	8.207	7.909	8.312	8.426	8.069
ENSMUSG00000066438	4.326	4.207	3.124	4.182	3.574	3.183
ENSMUSG00000019982	3.107	3.709	2.344	3.706	4.744	2.737
ENSMUSG00000081238	4.978	3.536	2.727	3.156	2.55	2.41
ENSMUSG00000036196	5.531	3.131	3.142	4.053	2.624	4.245
ENSMUSG00000087012	4.672	4.591	2.551	2.275	3.219	2.352
ENSMUSG00000058046	2.92	4.45	2.271	3.821	3.606	3.639
ENSMUSG00000035262	4.021	4.401	2.734	4.221	3.237	3.653
ENSMUSG00000068259	4.327	3.669	1.688	3.192	3.222	2.882
ENSMUSG00000026611	4.813	6.44	2.845	3.673	3.55	4.804
ENSMUSG00000097429	4.969	4.261	2.163	2.459	4.493	2.825
ENSMUSG00000101191	2.704	4.629	2.655	2.419	2.691	3.336
ENSMUSG00000081249	3.321	3.433	2.181	3.344	3.105	2.903
ENSMUSG00000092051	4.113	5.732	2.637	2.934	4.06	3.771
ENSMUSG00000078922	8.907	7.37	7.024	6.483	11.399	8.215
ENSMUSG00000026697	9.878	8.766	6.353	9.433	9.748	8.234
ENSMUSG00000061576	8.764	8.447	8.51	7.885	8.952	8.522
ENSMUSG00000095651	5.103	3.925	2.711	4.946	4.792	3.324
ENSMUSG00000030653	9.219	9.21	8.935	8.962	9.17	9.063
ENSMUSG00000050520	4.989	5.119	2.025	2.585	2.714	4.301
ENSMUSG00000086121	2.702	3.483	2.367	3.335	2.663	3.151
ENSMUSG00000027456	5.352	4.305	2.746	1.821	3.826	4.542
ENSMUSG00000102651	5.064	6.263	3.102	2.831	4.831	3.768
ENSMUSG00000097053	5.173	2.323	3.082	2.827	4.102	3.739
ENSMUSG00000022422	2.232	3.82	2.05	1.804	4.956	3.149
ENSMUSG00000062794	4.178	4.106	4.026	3.463	3.814	4.507
ENSMUSG00000037759	5.149	4.242	1.938	3.005	3.958	4.242
ENSMUSG00000053830	4.773	4.926	1.884	2.444	4.543	2.757
ENSMUSG00000057924	5.087	4.163	1.924	2.792	4.646	3.629
ENSMUSG00000020609	4.136	2.815	2.038	1.829	3.574	3.644
ENSMUSG00000085788	3.721	5.289	2.479	1.917	4.513	3.163
ENSMUSG00000087481	3.223	2.709	2.618	3.044	5.693	2.864
ENSMUSG00000074345	4.954	5.044	4.975	5.403	5.53	5.161
ENSMUSG00000084897	4.71	4.479	1.682	4.665	4.664	5.11
ENSMUSG00000091570	3.835	5.673	2.769	3.049	3.952	3.818
ENSMUSG00000106490	5.771	8.423	3.851	3.858	6.168	6.461
ENSMUSG00000081798	4.212	5.754	2.677	2.401	4.256	3.633
ENSMUSG00000070687	3.631	4.19	2.955	4.321	4.419	3.526
ENSMUSG00000085110	4.306	5.592	1.889	3.059	4.502	3.828
ENSMUSG00000021719	9.231	8.812	8.683	8.764	9.318	8.837
ENSMUSG00000054622	2.712	5.319	2.881	3.027	3.866	3.922
ENSMUSG00000102243	5.136	4.083	2.311	3.4	4.973	2.761
ENSMUSG00000091530	2.211	4.303	2.325	2.548	2.695	3.212
ENSMUSG00000105906	5.861	2.794	1.704	4.535	7.842	6.494
ENSMUSG00000024521	6.746	5.444	3.158	3.525	5.521	5.326
ENSMUSG00000025473	7.914	6.851	3.649	4.943	5.338	5.684
ENSMUSG00000092448	3.914	3.09	2.96	3.144	2.699	2.387
ENSMUSG00000033730	6.412	5.172	5.819	5.879	5.112	6.844
ENSMUSG00000029752	7.754	7.228	6.877	6.367	7.084	7.428
ENSMUSG00000104540	5.612	5.287	3.188	1.804	3.599	4.169
ENSMUSG00000101304	4.356	2.343	2.056	2.441	4.055	2.796
ENSMUSG00000055456	3.103	2.996	1.789	2.303	3.262	4.064
ENSMUSG00000033847	4.108	3.953	2.885	4.53	5.639	3.798
ENSMUSG00000056888	6.97	4.777	2.806	4.057	5.596	6.556
ENSMUSG00000068154	4.754	6.177	5.525	4.773	6.519	5.691
ENSMUSG00000038152	4.923	2.745	3.253	2.779	4.568	2.953
ENSMUSG00000031257	3.548	4.382	2.63	4.132	5.332	2.408
ENSMUSG00000078502	6.741	5.149	2.534	4.137	5.71	5.527
ENSMUSG00000046442	9.407	9.483	9.278	8.758	9.994	9.269
ENSMUSG00000021701	8.56	8.631	8.223	8.009	8.952	8.349
ENSMUSG00000081978	4.747	5.928	2.622	3.398	3.169	4.284
ENSMUSG00000093540	6.456	6.166	3.486	2.83	5.418	4.338
ENSMUSG00000036151	3.708	4.817	2.39	2.273	3.925	2.359
