gene_id	baseMean	log2FoldChange	lfcSE	pvalue	padj
ENSMUSG00000023978	309.503	5.015	2.729	NA	NA
ENSMUSG00000030324	1881.779	0.972	2.067	NA	NA
ENSMUSG00000031450	195.247	0.836	1.905	NA	NA
ENSMUSG00000056055	582.61	1.738	2.56	NA	NA
ENSMUSG00000025900	116.018	0.442	1.373	NA	NA
ENSMUSG00000026834	26.714	-0.022	0.222	0.104	0.97
ENSMUSG00000025386	129.963	1.809	2.481	NA	NA
ENSMUSG00000059991	29.214	-0.006	0.112	0.396	0.999
ENSMUSG00000056043	87.152	0.255	1.005	NA	NA
ENSMUSG00000029491	211.64	0.622	1.569	NA	NA
ENSMUSG00000035456	9.096	-0.012	0.157	0.198	0.999
ENSMUSG00000062082	15.972	-0.074	0.51	0.05	0.903
ENSMUSG00000020713	440.359	-0.31	1.122	0.011	0.544
ENSMUSG00000053963	228.182	-0.004	0.092	0.405	0.999
ENSMUSG00000062372	37.013	0.038	0.309	0.062	0.961
ENSMUSG00000068037	21.957	-0.01	0.141	0.226	0.999
ENSMUSG00000020907	52.443	1.794	2.303	NA	NA
ENSMUSG00000037446	90.172	0.45	1.295	NA	NA
ENSMUSG00000031789	109.325	0.485	1.364	NA	NA
ENSMUSG00000078816	160.68	-0.003	0.08	0.482	0.999
ENSMUSG00000057715	42.745	-0.004	0.097	0.476	0.999
ENSMUSG00000025582	253.431	-0.003	0.073	NA	NA
ENSMUSG00000026841	13.929	-0.008	0.112	0.225	0.999
ENSMUSG00000038255	38.963	-0.002	0.088	0.73	0.999
ENSMUSG00000029335	40.524	-0.004	0.083	0.341	0.999
ENSMUSG00000029151	57.958	-0.004	0.107	NA	NA
ENSMUSG00000048087	36.23	-0.346	0.912	0.004	0.311
ENSMUSG00000029819	25.17	-0.003	0.081	0.501	0.999
ENSMUSG00000090675	14.013	-0.013	0.198	0.296	0.999
ENSMUSG00000032174	128.665	-0.001	0.086	0.811	0.999
ENSMUSG00000050600	31.19	-0.002	0.065	0.666	0.999
ENSMUSG00000074575	25.95	-0.003	0.081	0.594	0.999
ENSMUSG00000046999	10.519	-0.006	0.114	0.36	0.999
ENSMUSG00000048483	9.367	-0.005	0.103	0.384	0.999
ENSMUSG00000027270	34.447	-0.002	0.069	0.654	0.999
ENSMUSG00000070570	749.403	0.001	0.07	0.79	0.999
ENSMUSG00000024575	224.919	0.167	0.774	NA	NA
ENSMUSG00000059003	348.283	-0.003	0.081	0.517	0.999
ENSMUSG00000029054	26.784	-0.002	0.076	0.591	0.999
ENSMUSG00000027849	57.74	0.009	0.123	0.193	0.999
ENSMUSG00000034796	46.862	-0.003	0.073	0.446	0.999
ENSMUSG00000028222	63.749	-0.005	0.081	0.254	0.999
ENSMUSG00000053025	450.699	-0.002	0.063	0.599	0.999
ENSMUSG00000047935	32.903	0.014	0.169	0.161	0.999
ENSMUSG00000035033	64.465	-0.001	0.083	0.856	0.999
ENSMUSG00000026163	172.886	-0.004	0.087	0.454	0.999
ENSMUSG00000030209	895.167	-0.004	0.089	0.488	0.999
ENSMUSG00000053310	225.053	-0.001	0.062	0.712	0.999
ENSMUSG00000060371	241.08	-0.005	0.104	0.376	0.999
ENSMUSG00000036480	25.308	-0.002	0.08	0.617	0.999
ENSMUSG00000027978	24.179	-0.001	0.068	0.802	0.999
ENSMUSG00000099016	12.361	-0.088	0.573	0.045	0.903
ENSMUSG00000026514	55.291	-0.002	0.061	0.606	0.999
ENSMUSG00000059213	832.046	0	0.076	0.924	0.999
ENSMUSG00000030905	52.037	-0.002	0.066	0.518	0.999
ENSMUSG00000021255	74.859	0.042	0.39	NA	NA
ENSMUSG00000026090	223.369	-0.001	0.066	0.716	0.999
ENSMUSG00000010803	132.327	-0.001	0.073	0.797	0.999
ENSMUSG00000061762	43.284	0.071	0.383	0.018	0.746
ENSMUSG00000057132	165.557	0.28	0.996	NA	NA
ENSMUSG00000027296	54.055	-0.002	0.072	0.713	0.999
ENSMUSG00000030376	228.535	-0.002	0.064	0.561	0.999
ENSMUSG00000034452	159.351	0.033	0.317	NA	NA
ENSMUSG00000098051	9.494	-0.003	0.082	0.592	0.999
ENSMUSG00000033316	28.354	-0.001	0.061	0.719	0.999
ENSMUSG00000039058	144.751	-0.003	0.06	0.419	0.999
ENSMUSG00000024008	59.596	-0.002	0.08	0.655	0.999
ENSMUSG00000051726	108.82	-0.001	0.061	0.871	0.999
ENSMUSG00000024617	1741.351	-0.001	0.07	0.771	0.999
ENSMUSG00000029436	178.192	-0.004	0.066	0.345	0.999
ENSMUSG00000041014	52.844	-0.002	0.063	0.63	0.999
ENSMUSG00000027350	263.146	-0.004	0.068	0.244	0.999
ENSMUSG00000029712	35.505	0	0.055	0.968	0.999
ENSMUSG00000044216	102.776	0	0.087	0.975	0.999
ENSMUSG00000032936	224.208	-0.002	0.064	0.682	0.999
ENSMUSG00000022218	63.297	-0.01	0.155	0.298	0.999
ENSMUSG00000026358	53.859	-0.012	0.179	0.252	0.999
ENSMUSG00000103129	5.401	-0.065	0.471	0.058	0.921
ENSMUSG00000056158	58.477	-0.004	0.081	0.363	0.999
ENSMUSG00000021313	298.948	-0.002	0.054	0.586	0.999
ENSMUSG00000052301	17.458	-0.002	0.062	0.589	0.999
ENSMUSG00000044288	181.004	-0.002	0.056	0.512	0.999
ENSMUSG00000096351	38.351	0.129	0.661	0.023	0.746
ENSMUSG00000039106	21.072	-0.003	0.066	0.46	0.999
ENSMUSG00000055078	23.724	-0.005	0.081	0.296	0.999
ENSMUSG00000055540	80.466	0	0.051	0.877	0.999
ENSMUSG00000020436	87.269	-0.003	0.074	0.489	0.999
ENSMUSG00000047495	71.201	-0.001	0.057	0.724	0.999
ENSMUSG00000041911	33.564	-0.007	0.097	0.218	0.999
ENSMUSG00000025876	126.098	-0.001	0.051	0.763	0.999
ENSMUSG00000104210	7.947	0	0.069	0.917	0.999
ENSMUSG00000058248	98.954	0	0.059	0.986	0.999
ENSMUSG00000022421	1300.998	-0.001	0.04	0.815	0.999
ENSMUSG00000070695	79.712	-0.002	0.065	0.561	0.999
ENSMUSG00000026344	102.561	-0.003	0.061	0.347	0.999
ENSMUSG00000035864	859.646	-0.001	0.055	0.846	0.999
ENSMUSG00000004110	495.523	-0.002	0.068	0.539	0.999
ENSMUSG00000045733	137.863	-0.001	0.05	0.766	0.999
ENSMUSG00000028838	63.735	-0.001	0.049	0.791	0.999
ENSMUSG00000022015	66.478	-0.006	0.137	0.449	0.999
ENSMUSG00000067889	602.37	0.001	0.064	0.898	0.999
ENSMUSG00000027971	168.061	-0.001	0.063	0.841	0.999
ENSMUSG00000025020	94.649	-0.015	0.146	0.07	0.967
ENSMUSG00000054459	236.682	-0.003	0.061	0.408	0.999
ENSMUSG00000038020	193.805	-0.001	0.054	0.73	0.999
ENSMUSG00000037579	79.062	0.001	0.09	0.869	0.999
ENSMUSG00000045174	23.117	0	0.059	0.939	0.999
ENSMUSG00000007944	63.565	0	0.058	0.903	0.999
ENSMUSG00000046182	44.241	-0.001	0.06	0.843	0.999
ENSMUSG00000041708	124.122	0.001	0.049	0.811	0.999
ENSMUSG00000027834	139.838	0	0.051	0.966	0.999
ENSMUSG00000022212	118.898	-0.002	0.059	0.662	0.999
ENSMUSG00000050164	15.039	0.001	0.064	0.832	0.999
ENSMUSG00000045903	28.479	-0.007	0.104	0.255	0.999
ENSMUSG00000040794	68.34	0	0.052	0.888	0.999
ENSMUSG00000009216	107.09	0.003	0.097	0.661	0.999
ENSMUSG00000029420	155.847	-0.004	0.066	0.25	0.999
ENSMUSG00000062593	108.656	-0.008	0.134	0.317	0.999
ENSMUSG00000025576	154.2	-0.001	0.055	0.721	0.999
ENSMUSG00000035653	62.044	-0.004	0.062	0.33	0.999
ENSMUSG00000024064	25.265	-0.004	0.071	0.36	0.999
ENSMUSG00000046093	631.361	-0.001	0.045	0.611	0.999
ENSMUSG00000022454	514.675	-0.001	0.042	0.684	0.999
ENSMUSG00000031376	80.65	-0.002	0.057	0.523	0.999
ENSMUSG00000044933	29.755	0	0.048	0.973	0.999
ENSMUSG00000006711	37.765	-0.003	0.062	0.401	0.999
ENSMUSG00000028785	157.257	-0.003	0.074	0.507	0.999
ENSMUSG00000024041	6.1	-0.007	0.15	0.435	0.999
ENSMUSG00000039809	241.851	-0.008	0.093	0.123	0.999
ENSMUSG00000086719	10.327	-0.016	0.215	0.215	0.999
ENSMUSG00000034997	26.909	-0.001	0.052	0.652	0.999
ENSMUSG00000025189	85.612	-0.001	0.053	0.751	0.999
ENSMUSG00000040125	286.014	0.002	0.086	0.67	0.999
ENSMUSG00000032452	93.187	-0.004	0.065	0.244	0.999
ENSMUSG00000021680	14.848	-0.009	0.139	0.235	0.999
ENSMUSG00000028289	115.197	-0.002	0.05	0.478	0.999
ENSMUSG00000037428	121.672	-0.001	0.06	0.852	0.999
ENSMUSG00000028033	71.629	-0.001	0.048	0.664	0.999
ENSMUSG00000042078	103.661	-0.002	0.049	0.556	0.999
ENSMUSG00000030134	204.607	-0.001	0.045	0.753	0.999
ENSMUSG00000024672	81.823	-0.019	0.212	0.127	0.999
ENSMUSG00000022357	16.241	-0.008	0.146	0.383	0.999
ENSMUSG00000032355	48.665	0.002	0.064	0.674	0.999
ENSMUSG00000036264	23.602	-0.001	0.068	0.886	0.999
ENSMUSG00000039059	79.337	-0.003	0.063	0.454	0.999
ENSMUSG00000000632	290.972	-0.004	0.067	0.275	0.999
ENSMUSG00000000861	81.378	-0.001	0.057	0.884	0.999
ENSMUSG00000000560	49.961	-0.001	0.048	0.625	0.999
ENSMUSG00000017740	426.456	-0.001	0.046	0.771	0.999
ENSMUSG00000027489	35.788	-0.001	0.056	0.788	0.999
ENSMUSG00000026959	309.388	-0.001	0.05	0.627	0.999
ENSMUSG00000068696	66.68	0.004	0.089	0.398	0.999
ENSMUSG00000064193	256.965	0.002	0.12	NA	NA
ENSMUSG00000065922	30.09	0.279	0.988	0.009	0.506
ENSMUSG00000004961	87.412	0	0.048	0.89	0.999
ENSMUSG00000029878	62.857	-0.003	0.072	0.439	0.999
ENSMUSG00000042388	287.331	0.001	0.061	0.853	0.999
ENSMUSG00000064065	108.496	-0.005	0.06	0.175	0.999
ENSMUSG00000007653	129.481	0	0.047	0.987	0.999
ENSMUSG00000054013	72.594	-0.002	0.056	0.643	0.999
ENSMUSG00000056972	19.827	-0.123	0.607	0.019	0.746
ENSMUSG00000040907	1820.656	-0.001	0.049	0.757	0.999
ENSMUSG00000096146	8.4	0.001	0.07	0.843	0.999
ENSMUSG00000023033	414.42	-0.001	0.047	0.665	0.999
ENSMUSG00000052087	56.365	0.001	0.05	0.723	0.999
ENSMUSG00000030137	12.028	-0.001	0.06	0.686	0.999
ENSMUSG00000028176	179.956	0	0.052	0.91	0.999
ENSMUSG00000022577	103.395	-0.01	0.096	0.088	0.97
ENSMUSG00000018865	201.739	0	0.047	0.94	0.999
ENSMUSG00000059040	299.804	0.002	0.114	NA	NA
ENSMUSG00000061751	454.786	0	0.045	0.958	0.999
ENSMUSG00000069227	145.06	0	0.048	0.9	0.999
ENSMUSG00000034145	34.141	-0.001	0.047	0.624	0.999
ENSMUSG00000062296	497.763	-0.002	0.064	0.62	0.999
ENSMUSG00000058624	319.967	0.001	0.044	0.824	0.999
ENSMUSG00000031932	21.854	0	0.057	0.94	0.999
ENSMUSG00000058360	3.207	-0.01	0.181	0.362	0.999
ENSMUSG00000039037	121.495	0	0.041	0.996	0.999
ENSMUSG00000046699	71.669	-0.008	0.093	0.133	0.999
ENSMUSG00000084890	41.515	0.001	0.077	0.756	0.999
ENSMUSG00000055958	3.744	0	0.083	0.986	0.999
ENSMUSG00000016150	107.063	-0.003	0.06	0.317	0.999
ENSMUSG00000045349	65.542	-0.002	0.051	0.494	0.999
ENSMUSG00000078591	25.121	-0.001	0.064	0.795	0.999
ENSMUSG00000094626	61.039	-0.002	0.04	0.545	0.999
ENSMUSG00000090061	37.982	0.001	0.069	0.772	0.999
ENSMUSG00000089672	44.234	-0.013	0.175	NA	NA
ENSMUSG00000078307	90.888	0	0.056	0.907	0.999
ENSMUSG00000032532	143.372	-0.001	0.046	0.769	0.999
ENSMUSG00000022416	120.313	0.003	0.074	0.536	0.999
ENSMUSG00000071567	52.166	0.001	0.046	0.783	0.999
ENSMUSG00000008658	190.729	-0.001	0.045	0.734	0.999
ENSMUSG00000060257	15.952	0.002	0.074	0.634	0.999
ENSMUSG00000090071	245.16	0.003	0.065	0.471	0.999
ENSMUSG00000060212	125.559	-0.001	0.041	0.732	0.999
ENSMUSG00000016346	345.695	-0.001	0.054	0.667	0.999
ENSMUSG00000027220	189.493	-0.003	0.054	0.294	0.999
ENSMUSG00000041380	35.728	-0.001	0.066	0.85	0.999
ENSMUSG00000040424	41.614	-0.001	0.047	0.81	0.999
ENSMUSG00000057897	767.951	-0.001	0.043	0.85	0.999
ENSMUSG00000035226	57.035	-0.001	0.063	0.829	0.999
ENSMUSG00000063193	28.915	-0.011	0.156	0.241	0.999
ENSMUSG00000024873	144.106	0	0.041	0.973	0.999
ENSMUSG00000053395	84.877	0.002	0.053	0.609	0.999
ENSMUSG00000044071	93.643	-0.003	0.058	0.398	0.999
ENSMUSG00000027895	68.672	0.001	0.047	0.772	0.999
ENSMUSG00000019146	29.104	0	0.055	0.995	0.999
ENSMUSG00000028965	42.742	-0.004	0.11	0.579	0.999
ENSMUSG00000049583	262.346	-0.001	0.04	0.732	0.999
ENSMUSG00000026141	18.976	0.003	0.07	0.491	0.999
ENSMUSG00000104597	163.885	-0.003	0.059	0.443	0.999
ENSMUSG00000041710	23.979	-0.051	0.303	0.021	0.746
ENSMUSG00000052373	47.741	0	0.046	0.999	0.999
ENSMUSG00000027419	260.502	0	0.039	0.979	0.999
ENSMUSG00000052981	158.833	0	0.039	0.99	0.999
ENSMUSG00000045912	17.462	-0.005	0.079	0.277	0.999
ENSMUSG00000055409	38.929	-0.003	0.068	0.495	0.999
ENSMUSG00000046550	3.957	-0.002	0.081	0.765	0.999
ENSMUSG00000021062	136.091	-0.001	0.059	0.877	0.999
ENSMUSG00000036306	159.432	0.001	0.046	0.814	0.999
ENSMUSG00000074923	90.432	0.001	0.045	0.801	0.999
ENSMUSG00000027965	15.249	-0.002	0.066	0.649	0.999
ENSMUSG00000047658	55.471	0	0.042	0.909	0.999
ENSMUSG00000076613	761.339	10.376	1.224	0	0
ENSMUSG00000064293	68.433	-0.004	0.056	0.233	0.999
ENSMUSG00000020990	10.534	0	0.06	0.928	0.999
ENSMUSG00000038738	1177.706	0	0.044	0.871	0.999
ENSMUSG00000051062	16.544	0.002	0.071	0.712	0.999
ENSMUSG00000027273	1052.785	0	0.038	0.897	0.999
ENSMUSG00000030302	666.149	0	0.048	0.903	0.999
ENSMUSG00000032564	33.14	0.002	0.076	0.633	0.999
ENSMUSG00000030789	298.256	-0.007	0.126	0.333	0.999
ENSMUSG00000040452	15.451	0	0.068	0.926	0.999
ENSMUSG00000021478	38.27	0.005	0.09	0.27	0.999
ENSMUSG00000034891	230.952	0.002	0.052	0.485	0.999
ENSMUSG00000030350	91.563	0.001	0.055	0.692	0.999
ENSMUSG00000107226	6.354	-0.023	0.225	0.091	0.97
ENSMUSG00000034818	255.914	-0.003	0.051	0.408	0.999
ENSMUSG00000050069	44.913	0	0.038	0.877	0.999
ENSMUSG00000105983	14.828	0.005	0.101	0.42	0.999
ENSMUSG00000020684	372.351	0.003	0.063	0.474	0.999
ENSMUSG00000036800	64.575	-0.001	0.043	0.631	0.999
ENSMUSG00000027347	433.185	-0.002	0.052	0.457	0.999
ENSMUSG00000061298	14.276	-0.006	0.098	0.23	0.999
ENSMUSG00000078235	15.442	-0.001	0.053	0.695	0.999
ENSMUSG00000107105	7.128	-0.061	0.442	0.056	0.904
ENSMUSG00000086040	259.739	0	0.042	0.989	0.999
ENSMUSG00000038179	84.755	-0.009	0.142	0.26	0.999
ENSMUSG00000020848	70.428	-0.001	0.041	0.668	0.999
ENSMUSG00000020297	361.916	-0.001	0.04	0.842	0.999
ENSMUSG00000029754	5.895	0.004	0.098	0.436	0.999
ENSMUSG00000027500	203.933	0	0.036	0.895	0.999
ENSMUSG00000106775	24.318	-0.014	0.189	0.198	0.999
ENSMUSG00000022288	5.094	-0.049	0.398	0.074	0.97
ENSMUSG00000036422	73.004	-0.004	0.068	0.294	0.999
ENSMUSG00000050963	25.941	0	0.059	0.911	0.999
ENSMUSG00000036185	14.29	-0.003	0.11	0.68	0.999
ENSMUSG00000051401	31.288	0.002	0.061	0.645	0.999
ENSMUSG00000102697	71.573	0.002	0.053	0.499	0.999
ENSMUSG00000075318	510.611	-0.001	0.041	0.607	0.999
ENSMUSG00000090063	36.412	0.002	0.07	0.633	0.999
ENSMUSG00000085800	8.085	-0.005	0.129	0.502	0.999
ENSMUSG00000021647	301.067	0.002	0.081	0.75	0.999
ENSMUSG00000066108	22.911	-0.005	0.114	0.478	0.999
ENSMUSG00000058153	288.691	-0.001	0.037	0.76	0.999
ENSMUSG00000106106	47177.606	0.418	1.121	0.004	0.331
ENSMUSG00000032739	7.099	0.038	0.291	0.048	0.903
ENSMUSG00000029211	95.373	-0.002	0.042	0.5	0.999
ENSMUSG00000024245	52.567	0	0.051	0.97	0.999
ENSMUSG00000063354	23.015	-0.005	0.115	0.436	0.999
ENSMUSG00000068129	127.219	-0.003	0.092	0.616	0.999
ENSMUSG00000025468	68.157	0	0.04	0.953	0.999
ENSMUSG00000032589	1180.854	0	0.038	0.922	0.999
ENSMUSG00000031293	217.892	0.074	0.469	0.037	0.903
ENSMUSG00000031883	13.787	0	0.049	0.928	0.999
ENSMUSG00000042532	83.443	0.001	0.05	0.686	0.999
ENSMUSG00000097914	8.639	-0.044	0.354	0.065	0.961
ENSMUSG00000007207	164.651	-0.003	0.05	0.361	0.999
ENSMUSG00000043301	76.307	-0.002	0.046	0.473	0.999
ENSMUSG00000029544	131.111	0	0.047	0.997	0.999
ENSMUSG00000026204	504.473	-0.001	0.036	0.803	0.999
ENSMUSG00000076609	2833.698	6.5	1.176	0	0
ENSMUSG00000067149	569.241	6.874	0.953	0	0
ENSMUSG00000023828	7.458	0	0.087	0.99	0.999
ENSMUSG00000015568	386.44	-0.01	0.145	0.233	0.999
ENSMUSG00000102876	3.782	0.001	0.091	0.898	0.999
ENSMUSG00000025885	46.235	-0.001	0.047	0.847	0.999
ENSMUSG00000096847	164.926	0.001	0.043	0.828	0.999
ENSMUSG00000104159	9.445	-0.008	0.142	0.37	0.999
ENSMUSG00000048251	211.809	0.001	0.044	0.797	0.999
ENSMUSG00000030162	15.018	-0.018	0.211	0.149	0.999
ENSMUSG00000045038	662.837	-0.001	0.035	0.811	0.999
ENSMUSG00000047013	152.66	0	0.038	0.913	0.999
ENSMUSG00000085830	14.499	0	0.071	0.976	0.999
ENSMUSG00000021708	162.232	0	0.04	0.993	0.999
ENSMUSG00000020431	1114.206	0	0.038	0.871	0.999
ENSMUSG00000025422	1354.039	0	0.04	0.9	0.999
ENSMUSG00000024261	117.629	-0.003	0.057	0.373	0.999
ENSMUSG00000103201	8.298	-0.002	0.081	0.65	0.999
ENSMUSG00000032988	23.506	-0.002	0.098	0.713	0.999
ENSMUSG00000080736	8.2	-0.013	0.187	0.229	0.999
ENSMUSG00000047842	232.635	-0.001	0.038	0.815	0.999
ENSMUSG00000045036	4.895	0.031	0.277	0.076	0.97
ENSMUSG00000071265	38.825	-0.002	0.045	0.568	0.999
ENSMUSG00000040035	384.837	-0.004	0.049	0.222	0.999
ENSMUSG00000030000	153.084	-0.007	0.079	0.11	0.999
ENSMUSG00000044667	282.638	-0.001	0.036	0.705	0.999
ENSMUSG00000019785	24.206	0	0.05	0.924	0.999
ENSMUSG00000079657	37.679	-0.001	0.045	0.698	0.999
ENSMUSG00000044912	59.927	0	0.042	0.883	0.999
ENSMUSG00000025427	123.843	0	0.046	0.977	0.999
ENSMUSG00000024268	460.559	0	0.04	0.933	0.999
ENSMUSG00000020734	50.181	0.004	0.077	0.394	0.999
ENSMUSG00000032503	402.07	-0.001	0.05	0.712	0.999
ENSMUSG00000039628	8.388	0.1	0.522	0.021	0.746
ENSMUSG00000095079	654.81	5.443	0.939	0	0
ENSMUSG00000036815	98.602	0.001	0.047	0.633	0.999
ENSMUSG00000019906	82.538	0	0.038	0.861	0.999
ENSMUSG00000031097	14.008	-0.009	0.15	0.341	0.999
ENSMUSG00000033981	786.078	-0.002	0.046	0.417	0.999
ENSMUSG00000085599	11.503	-0.049	0.39	0.07	0.967
ENSMUSG00000102958	10.425	-0.011	0.175	0.289	0.999
ENSMUSG00000086503	15745.606	-0.004	0.213	0.789	0.999
ENSMUSG00000106018	3.167	0.001	0.079	0.872	0.999
ENSMUSG00000000982	68.675	-0.003	0.098	0.65	0.999
ENSMUSG00000027748	23.564	-0.022	0.206	0.07	0.967
ENSMUSG00000087516	10.836	-0.061	0.423	0.046	0.903
ENSMUSG00000040026	8.931	-0.027	0.224	0.054	0.904
ENSMUSG00000027438	464.78	-0.002	0.039	0.528	0.999
ENSMUSG00000030222	19.626	0.007	0.108	0.217	0.999
ENSMUSG00000078117	12.431	-0.014	0.158	0.118	0.999
ENSMUSG00000090291	25.793	0.004	0.078	0.409	0.999
ENSMUSG00000032511	36.386	0.009	0.115	0.136	0.999
ENSMUSG00000052581	79.204	-0.001	0.041	0.843	0.999
ENSMUSG00000086712	6.525	0.002	0.085	0.643	0.999
ENSMUSG00000082163	15.851	-0.007	0.135	0.371	0.999
ENSMUSG00000049741	6.923	-0.001	0.11	0.944	0.999
ENSMUSG00000067219	7.945	0.219	0.9	0.014	0.647
ENSMUSG00000045034	22.062	0	0.046	0.896	0.999
ENSMUSG00000095134	55.899	-0.005	0.075	0.217	0.999
ENSMUSG00000088576	16.809	-0.004	0.115	0.6	0.999
ENSMUSG00000008489	75.396	-0.003	0.054	0.32	0.999
ENSMUSG00000020950	97.698	0	0.043	0.887	0.999
ENSMUSG00000051054	3.54	-0.021	0.235	0.134	0.999
ENSMUSG00000040640	258.288	-0.002	0.041	0.526	0.999
ENSMUSG00000028003	47.174	-0.004	0.107	0.486	0.999
ENSMUSG00000036564	1727.215	0	0.037	0.855	0.999
ENSMUSG00000105526	8.038	-0.002	0.071	0.619	0.999
ENSMUSG00000097072	14.777	-0.049	0.383	0.063	0.961
ENSMUSG00000031144	1122.241	0	0.037	0.96	0.999
ENSMUSG00000009394	527.963	-0.003	0.042	0.338	0.999
ENSMUSG00000021700	313.621	0	0.048	0.876	0.999
ENSMUSG00000045573	110.718	0	0.048	0.972	0.999
ENSMUSG00000024479	127.54	0	0.038	0.936	0.999
ENSMUSG00000054976	58.091	-0.005	0.059	0.207	0.999
ENSMUSG00000006435	292.941	0.001	0.041	0.742	0.999
ENSMUSG00000084235	7.014	-0.001	0.116	0.86	0.999
ENSMUSG00000031137	87.145	-0.001	0.043	0.668	0.999
ENSMUSG00000030518	88.661	0.002	0.048	0.441	0.999
ENSMUSG00000102902	2.877	0.003	0.103	0.601	0.999
ENSMUSG00000047485	45.144	0.001	0.047	0.751	0.999
ENSMUSG00000036062	340.218	0	0.038	0.915	0.999
ENSMUSG00000025658	351.616	-0.001	0.037	0.673	0.999
ENSMUSG00000019992	6.291	-0.032	0.305	0.1	0.97
ENSMUSG00000023903	9.436	0.003	0.079	0.542	0.999
ENSMUSG00000061911	298.181	-0.001	0.039	0.658	0.999
ENSMUSG00000063388	13.922	0.016	0.217	0.223	0.999
ENSMUSG00000032500	87.796	0.009	0.109	0.146	0.999
ENSMUSG00000075478	166.97	-0.002	0.039	0.571	0.999
ENSMUSG00000052479	5.795	0.001	0.066	0.816	0.999
ENSMUSG00000105663	13.499	-0.004	0.095	0.412	0.999
ENSMUSG00000029055	152.805	0.006	0.092	0.208	0.999
ENSMUSG00000024353	22.6	0.643	1.385	0.003	0.311
ENSMUSG00000031870	26.169	-0.009	0.1	0.122	0.999
ENSMUSG00000104851	26.646	-0.012	0.168	0.203	0.999
ENSMUSG00000027297	29.356	-0.002	0.051	0.492	0.999
ENSMUSG00000037771	53.113	-0.001	0.047	0.83	0.999
ENSMUSG00000105620	13.329	-0.001	0.063	0.775	0.999
ENSMUSG00000057060	26.984	0.002	0.049	0.609	0.999
ENSMUSG00000021268	3863.01	-0.006	0.072	0.172	0.999
ENSMUSG00000056553	273.92	-0.001	0.038	0.65	0.999
ENSMUSG00000102241	8.028	-0.013	0.181	0.228	0.999
ENSMUSG00000070880	209.864	-0.001	0.041	0.783	0.999
ENSMUSG00000021301	87.654	0	0.037	0.919	0.999
ENSMUSG00000044703	8.798	0.077	0.477	0.034	0.903
ENSMUSG00000033578	67.069	-0.001	0.039	0.714	0.999
ENSMUSG00000033060	300.951	-0.001	0.036	0.682	0.999
ENSMUSG00000028039	39.679	0.004	0.071	0.315	0.999
ENSMUSG00000028836	6.401	-0.001	0.068	0.784	0.999
ENSMUSG00000029361	122.176	-0.001	0.04	0.84	0.999
ENSMUSG00000023473	185.091	0	0.039	0.882	0.999
ENSMUSG00000034829	26.963	0.015	0.209	0.231	0.999
ENSMUSG00000000318	11.593	0.001	0.071	0.866	0.999
ENSMUSG00000032338	10.911	0.001	0.064	0.868	0.999
ENSMUSG00000032053	21.874	2.466	1.969	0	0.049
ENSMUSG00000105971	21.113	-0.017	0.206	0.152	0.999
ENSMUSG00000035277	15.628	-0.002	0.079	0.601	0.999
ENSMUSG00000042604	48.763	0	0.047	0.917	0.999
ENSMUSG00000033615	422.441	0.001	0.04	0.625	0.999
ENSMUSG00000064339	3156.845	0.351	1.031	0.006	0.376
ENSMUSG00000038128	189.229	-0.001	0.041	0.721	0.999
ENSMUSG00000035270	41.432	0.085	0.5	0.03	0.841
ENSMUSG00000034917	22.047	-0.003	0.101	0.589	0.999
ENSMUSG00000097532	15.312	-0.032	0.294	0.088	0.97
ENSMUSG00000063239	42.807	0.003	0.061	0.389	0.999
ENSMUSG00000030729	360.02	-0.002	0.04	0.468	0.999
ENSMUSG00000067028	17.591	0.002	0.059	0.589	0.999
ENSMUSG00000097497	7.333	-0.04	0.34	0.077	0.97
ENSMUSG00000044067	69.495	-0.004	0.056	0.222	0.999
ENSMUSG00000025867	1749.689	0.002	0.046	0.468	0.999
ENSMUSG00000097444	5.005	-0.026	0.277	0.131	0.999
ENSMUSG00000019828	59.069	0.003	0.053	0.368	0.999
ENSMUSG00000038692	7.993	-0.003	0.109	0.667	0.999
ENSMUSG00000005892	14.002	-0.01	0.153	0.274	0.999
ENSMUSG00000049281	151.271	0	0.037	0.902	0.999
ENSMUSG00000040972	115.355	0.001	0.039	0.764	0.999
ENSMUSG00000098318	4.837	0.004	0.102	0.512	0.999
ENSMUSG00000103301	9.219	-0.024	0.26	0.147	0.999
ENSMUSG00000059456	807.67	0	0.036	0.909	0.999
ENSMUSG00000107148	8.431	-0.007	0.139	0.367	0.999
ENSMUSG00000025221	44.836	0	0.048	0.884	0.999
ENSMUSG00000051111	108.424	0.002	0.051	0.464	0.999
ENSMUSG00000007021	122.527	0.001	0.04	0.631	0.999
ENSMUSG00000030854	150.222	0	0.048	0.943	0.999
ENSMUSG00000036760	17.108	-0.012	0.157	0.169	0.999
ENSMUSG00000085816	7.192	-0.001	0.106	0.917	0.999
ENSMUSG00000021852	18.465	0	0.061	0.902	0.999
ENSMUSG00000055567	466.72	0	0.036	0.987	0.999
ENSMUSG00000037126	278.798	0.002	0.046	0.458	0.999
ENSMUSG00000004933	156.226	-0.003	0.045	0.279	0.999
ENSMUSG00000021730	68.606	0.007	0.094	0.202	0.999
ENSMUSG00000032495	24.653	0.023	0.231	0.096	0.97
ENSMUSG00000059187	42.905	-0.001	0.041	0.848	0.999
ENSMUSG00000027584	43.171	-0.004	0.064	0.256	0.999
ENSMUSG00000079157	127.477	0.002	0.041	0.487	0.999
ENSMUSG00000016179	12.534	-0.009	0.112	0.152	0.999
ENSMUSG00000036095	276.566	-0.002	0.038	0.401	0.999
ENSMUSG00000102992	12.217	-0.01	0.161	0.304	0.999
ENSMUSG00000035681	80.266	-0.001	0.038	0.752	0.999
ENSMUSG00000027568	5.663	-0.004	0.092	0.431	0.999
ENSMUSG00000102257	12.056	-0.051	0.381	0.055	0.904
ENSMUSG00000097545	306.386	0.01	0.119	0.141	0.999
ENSMUSG00000038917	11.573	-0.014	0.184	0.192	0.999
ENSMUSG00000079550	59.506	0.027	0.268	0.101	0.97
ENSMUSG00000063142	336.964	0	0.035	0.987	0.999
ENSMUSG00000103596	14.984	-0.023	0.231	0.102	0.97
ENSMUSG00000073008	4.974	-0.006	0.128	0.462	0.999
ENSMUSG00000030226	357.54	0	0.037	0.952	0.999
ENSMUSG00000102508	8.671	0.002	0.07	0.584	0.999
ENSMUSG00000002068	23.29	0	0.045	0.876	0.999
ENSMUSG00000047692	8.142	-0.002	0.109	0.749	0.999
ENSMUSG00000071753	41.008	-0.022	0.179	0.046	0.903
ENSMUSG00000097672	12.401	-0.031	0.302	0.105	0.97
ENSMUSG00000105542	9.659	-0.008	0.14	0.327	0.999
ENSMUSG00000103613	7.152	-0.019	0.222	0.166	0.999
ENSMUSG00000105461	7.097	-0.017	0.219	0.2	0.999
ENSMUSG00000074968	78.558	0.002	0.046	0.555	0.999
ENSMUSG00000019775	88.398	-0.002	0.04	0.463	0.999
ENSMUSG00000029304	1315.898	-0.003	0.087	0.571	0.999
ENSMUSG00000031391	212.348	-0.001	0.035	0.717	0.999
ENSMUSG00000060924	265.33	-0.004	0.049	0.261	0.999
ENSMUSG00000104708	8.04	-0.031	0.3	0.102	0.97
ENSMUSG00000048758	731.074	0.57	1.138	0.002	0.305
ENSMUSG00000058925	11.272	-0.009	0.152	0.306	0.999
ENSMUSG00000085201	2.723	0.005	0.123	0.467	0.999
ENSMUSG00000048895	391.754	-0.001	0.035	0.749	0.999
ENSMUSG00000027221	405.461	0	0.036	0.986	0.999
ENSMUSG00000064147	8.449	-0.001	0.082	0.81	0.999
ENSMUSG00000105708	6.389	0.011	0.162	0.262	0.999
ENSMUSG00000064330	13.705	0.021	0.248	0.164	0.999
ENSMUSG00000046167	148.315	-0.002	0.086	0.694	0.999
ENSMUSG00000004031	162.503	-0.004	0.049	0.208	0.999
ENSMUSG00000044641	26.084	0.184	0.695	0.009	0.506
ENSMUSG00000031409	49.317	-0.001	0.041	0.838	0.999
ENSMUSG00000043498	66.04	0.002	0.045	0.56	0.999
ENSMUSG00000086495	8.319	-0.008	0.14	0.361	0.999
ENSMUSG00000090118	7.524	-0.014	0.186	0.211	0.999
ENSMUSG00000039372	27.619	-0.012	0.132	0.095	0.97
ENSMUSG00000068428	16.131	-0.007	0.123	0.339	0.999
ENSMUSG00000017723	5.586	-0.009	0.157	0.346	0.999
ENSMUSG00000003872	28.712	-0.004	0.063	0.266	0.999
ENSMUSG00000070304	379.664	0.001	0.037	0.819	0.999
ENSMUSG00000022375	7.591	-0.005	0.093	0.352	0.999
ENSMUSG00000094840	7.808	0.004	0.079	0.362	0.999
ENSMUSG00000008193	11.44	0.033	0.26	0.047	0.903
ENSMUSG00000024673	4.538	0.016	0.207	0.215	0.999
ENSMUSG00000084088	3.919	-0.008	0.148	0.392	0.999
ENSMUSG00000029755	5.34	-0.002	0.086	0.723	0.999
ENSMUSG00000037541	381.336	0	0.036	0.952	0.999
ENSMUSG00000024524	388.118	0.002	0.039	0.51	0.999
ENSMUSG00000034799	534.169	-0.001	0.034	0.839	0.999
ENSMUSG00000022829	158.34	0.001	0.036	0.834	0.999
ENSMUSG00000082931	9.323	-0.017	0.208	0.164	0.999
ENSMUSG00000044024	120.785	-0.001	0.036	0.756	0.999
ENSMUSG00000039717	39.124	-0.002	0.049	0.54	0.999
ENSMUSG00000099759	14.89	-0.004	0.107	0.53	0.999
ENSMUSG00000049148	38.151	0	0.043	0.874	0.999
ENSMUSG00000034584	11.925	-0.001	0.059	0.686	0.999
ENSMUSG00000087624	5.332	-0.007	0.14	0.416	0.999
ENSMUSG00000026787	171.935	-0.001	0.046	0.819	0.999
ENSMUSG00000064329	154.795	0.001	0.042	0.659	0.999
ENSMUSG00000003469	480.777	0	0.042	0.875	0.999
ENSMUSG00000040412	67.368	-0.005	0.072	0.262	0.999
ENSMUSG00000040797	279.852	0	0.037	0.902	0.999
ENSMUSG00000083856	3.84	-0.007	0.142	0.448	0.999
ENSMUSG00000034472	93.436	0.002	0.05	0.576	0.999
ENSMUSG00000045009	52.675	0.001	0.042	0.765	0.999
ENSMUSG00000106905	14.866	0.006	0.092	0.257	0.999
ENSMUSG00000034098	36.157	-0.003	0.046	0.37	0.999
ENSMUSG00000038026	115.96	-0.003	0.049	0.357	0.999
ENSMUSG00000043388	213.355	-0.011	0.115	0.081	0.97
ENSMUSG00000064337	3998.566	0.258	0.935	NA	NA
ENSMUSG00000027559	22.969	0.002	0.074	0.702	0.999
ENSMUSG00000103092	20.244	-0.001	0.065	0.82	0.999
ENSMUSG00000046480	102.374	0.002	0.051	0.436	0.999
ENSMUSG00000021613	23.47	0.001	0.048	0.632	0.999
ENSMUSG00000014813	9.431	-0.07	0.402	0.023	0.746
ENSMUSG00000021848	24.967	0.001	0.097	0.857	0.999
ENSMUSG00000091002	17.431	0.002	0.054	0.633	0.999
ENSMUSG00000001986	466.534	-0.002	0.042	0.465	0.999
ENSMUSG00000090293	26.331	-0.004	0.099	0.507	0.999
ENSMUSG00000028546	93.765	-0.001	0.036	0.822	0.999
ENSMUSG00000083183	17.945	-0.031	0.287	0.086	0.97
ENSMUSG00000029245	209.58	0.006	0.068	0.139	0.999
ENSMUSG00000102359	5.474	-0.006	0.136	0.442	0.999
ENSMUSG00000083796	30.259	-0.052	0.368	0.045	0.903
ENSMUSG00000058975	182.43	-0.002	0.039	0.526	0.999
ENSMUSG00000075316	25.925	-0.082	0.487	0.03	0.841
ENSMUSG00000035202	5281.197	0.162	0.687	0.013	0.627
ENSMUSG00000097929	26.594	-0.004	0.064	0.259	0.999
ENSMUSG00000022269	7.962	-0.009	0.12	0.178	0.999
ENSMUSG00000024403	356.005	0.001	0.036	0.775	0.999
ENSMUSG00000025855	763.979	0	0.036	0.935	0.999
ENSMUSG00000025738	1036.291	0.001	0.038	0.595	0.999
ENSMUSG00000037492	32.916	0.001	0.049	0.833	0.999
ENSMUSG00000031138	16.459	0.002	0.097	0.787	0.999
ENSMUSG00000097399	12.482	-0.002	0.093	0.736	0.999
ENSMUSG00000072688	7.947	0	0.08	0.975	0.999
ENSMUSG00000073779	10.665	0	0.055	0.947	0.999
ENSMUSG00000086499	9.193	-0.004	0.118	0.58	0.999
ENSMUSG00000050377	16.673	-0.001	0.071	0.866	0.999
ENSMUSG00000042425	4.883	0	0.069	0.92	0.999
ENSMUSG00000062393	11.159	-0.374	1.102	0.006	0.376
ENSMUSG00000104200	9.424	-0.04	0.352	0.085	0.97
ENSMUSG00000094226	8.852	-0.004	0.107	0.6	0.999
ENSMUSG00000084390	35.422	-0.092	0.509	0.025	0.76
ENSMUSG00000098202	15.591	-0.004	0.073	0.381	0.999
ENSMUSG00000092103	23.42	-0.018	0.201	0.132	0.999
ENSMUSG00000099472	13.324	-0.069	0.464	0.043	0.903
ENSMUSG00000035504	138.29	0.211	0.797	NA	NA
ENSMUSG00000022054	125.16	-0.002	0.043	0.559	0.999
ENSMUSG00000037474	21.779	-0.001	0.045	0.813	0.999
ENSMUSG00000078144	13.373	-0.008	0.132	0.326	0.999
ENSMUSG00000072672	38.918	0.01	0.13	0.156	0.999
ENSMUSG00000051452	3.872	0.015	0.197	0.203	0.999
ENSMUSG00000027073	51.553	0.464	1.157	0.004	0.311
ENSMUSG00000106710	10.618	0	0.1	0.984	0.999
ENSMUSG00000087579	17.527	0.052	0.313	0.022	0.746
ENSMUSG00000045441	14.134	0.002	0.05	0.611	0.999
ENSMUSG00000048355	33.473	0.016	0.15	0.063	0.961
ENSMUSG00000022362	20.867	0.004	0.082	0.404	0.999
ENSMUSG00000074817	15.283	-0.02	0.222	0.126	0.999
ENSMUSG00000026825	1181.154	0	0.034	0.951	0.999
ENSMUSG00000004113	237.631	-0.001	0.036	0.74	0.999
ENSMUSG00000026312	38.428	-0.002	0.055	0.558	0.999
ENSMUSG00000071716	12.992	-0.002	0.094	0.713	0.999
ENSMUSG00000042750	149.944	0	0.035	0.885	0.999
ENSMUSG00000040364	16.55	0.01	0.126	0.153	0.999
ENSMUSG00000066677	40.28	0	0.091	0.971	0.999
ENSMUSG00000056643	9.328	0.002	0.078	0.732	0.999
ENSMUSG00000097915	14.739	0.008	0.106	0.194	0.999
ENSMUSG00000034687	176.545	0.002	0.043	0.484	0.999
ENSMUSG00000006235	12.792	-0.001	0.054	0.81	0.999
ENSMUSG00000028931	444.608	0.002	0.037	0.508	0.999
ENSMUSG00000105500	12.773	-0.018	0.209	0.153	0.999
ENSMUSG00000055629	83.063	-0.001	0.038	0.617	0.999
ENSMUSG00000062961	41.279	0.001	0.043	0.596	0.999
ENSMUSG00000103738	8.469	-0.006	0.128	0.422	0.999
ENSMUSG00000025983	6.1	-0.003	0.111	0.67	0.999
ENSMUSG00000107358	9.351	-0.061	0.433	0.05	0.903
ENSMUSG00000026202	449.138	0.001	0.037	0.738	0.999
ENSMUSG00000052026	91.957	-0.003	0.045	0.361	0.999
ENSMUSG00000076617	1700.988	0.398	1.038	0.004	0.311
ENSMUSG00000104178	9.798	-0.002	0.06	0.611	0.999
ENSMUSG00000042200	8.226	0.002	0.068	0.691	0.999
ENSMUSG00000031343	163.744	0.001	0.038	0.743	0.999
ENSMUSG00000008932	15.316	0.018	0.225	0.179	0.999
ENSMUSG00000094286	4.073	0	0.078	0.967	0.999
ENSMUSG00000093628	5.878	-0.017	0.211	0.188	0.999
ENSMUSG00000022756	132.471	0.001	0.036	0.834	0.999
ENSMUSG00000072621	26.544	-0.005	0.106	0.447	0.999
ENSMUSG00000045318	36.631	0.003	0.054	0.347	0.999
ENSMUSG00000039252	137.195	0.001	0.041	0.627	0.999
ENSMUSG00000106133	3.276	0	0.095	0.944	0.999
ENSMUSG00000053693	118.503	-0.001	0.036	0.59	0.999
ENSMUSG00000080937	5.367	-0.002	0.113	0.834	0.999
ENSMUSG00000048001	21.611	0.001	0.053	0.679	0.999
ENSMUSG00000021596	150.071	0	0.036	0.998	0.999
ENSMUSG00000048834	85.825	-0.003	0.054	0.295	0.999
ENSMUSG00000021194	133.746	0.001	0.038	0.616	0.999
ENSMUSG00000018930	26.736	0	0.086	0.975	0.999
ENSMUSG00000041141	97.985	-0.003	0.044	0.295	0.999
ENSMUSG00000048304	156.209	-0.007	0.081	0.128	0.999
ENSMUSG00000097391	79.272	-0.003	0.053	0.356	0.999
ENSMUSG00000073514	64.166	0.002	0.045	0.406	0.999
ENSMUSG00000031722	14.445	0.001	0.107	0.917	0.999
ENSMUSG00000032528	32.127	-0.002	0.045	0.52	0.999
ENSMUSG00000104581	8.007	-0.006	0.12	0.407	0.999
ENSMUSG00000103999	11.821	-0.015	0.198	0.201	0.999
ENSMUSG00000032011	711.767	0	0.034	0.867	0.999
ENSMUSG00000056427	124.316	0.002	0.046	0.412	0.999
ENSMUSG00000090255	5.412	-0.002	0.072	0.664	0.999
ENSMUSG00000102665	5.187	-0.012	0.17	0.228	0.999
ENSMUSG00000090066	8.672	-0.005	0.099	0.424	0.999
ENSMUSG00000023345	78.443	0.112	0.462	0.009	0.506
ENSMUSG00000046204	124.681	-0.001	0.036	0.71	0.999
ENSMUSG00000044556	9.021	-0.01	0.152	0.278	0.999
ENSMUSG00000035576	15.431	-0.003	0.066	0.47	0.999
ENSMUSG00000056812	145.206	-0.009	0.09	0.099	0.97
ENSMUSG00000032773	334.629	0	0.034	0.857	0.999
ENSMUSG00000032776	24.246	-0.039	0.279	0.036	0.903
ENSMUSG00000080731	14.72	-0.01	0.157	0.269	0.999
ENSMUSG00000103694	33.009	-0.002	0.056	0.634	0.999
ENSMUSG00000083359	3.3	0.002	0.101	0.703	0.999
ENSMUSG00000054034	45.143	0	0.038	0.961	0.999
ENSMUSG00000083104	16.372	-0.047	0.35	0.05	0.903
ENSMUSG00000026725	5.604	-0.011	0.171	0.29	0.999
ENSMUSG00000086496	14.755	0.001	0.055	0.737	0.999
ENSMUSG00000030500	25.051	-0.001	0.045	0.816	0.999
ENSMUSG00000022518	12.734	-0.002	0.098	0.801	0.999
ENSMUSG00000022696	130.799	-0.001	0.05	0.826	0.999
ENSMUSG00000030043	7.909	-0.002	0.067	0.544	0.999
ENSMUSG00000095040	3.063	0.001	0.088	0.898	0.999
ENSMUSG00000089663	9.132	-0.659	1.476	0.003	0.311
ENSMUSG00000015340	656.698	-0.005	0.098	0.402	0.999
ENSMUSG00000028137	202.923	-0.002	0.041	0.556	0.999
ENSMUSG00000063626	76.466	-0.002	0.057	0.549	0.999
ENSMUSG00000057378	133.249	0.001	0.039	0.701	0.999
ENSMUSG00000038115	25.285	0.032	0.3	0.091	0.97
ENSMUSG00000043592	3.328	0.021	0.227	0.125	0.999
ENSMUSG00000041986	194.697	0.001	0.038	0.667	0.999
ENSMUSG00000095306	10.954	-0.016	0.194	0.156	0.999
ENSMUSG00000003279	907.572	0.001	0.034	0.833	0.999
ENSMUSG00000030525	21.937	0.002	0.054	0.548	0.999
ENSMUSG00000022129	20.991	0	0.091	0.961	0.999
ENSMUSG00000083849	8.033	0.001	0.068	0.764	0.999
ENSMUSG00000085218	10.279	-0.007	0.123	0.328	0.999
ENSMUSG00000059857	41.426	0.001	0.045	0.632	0.999
ENSMUSG00000020673	15.389	0.003	0.114	0.655	0.999
ENSMUSG00000020264	20.349	0	0.061	0.954	0.999
ENSMUSG00000026527	110.259	0.002	0.043	0.532	0.999
ENSMUSG00000081816	9.067	-0.003	0.11	0.708	0.999
ENSMUSG00000102312	9.437	0.002	0.06	0.57	0.999
ENSMUSG00000045967	218.952	-0.002	0.038	0.514	0.999
ENSMUSG00000104493	12.765	-0.008	0.148	0.341	0.999
ENSMUSG00000086739	19.088	0	0.047	0.965	0.999
ENSMUSG00000097767	998.673	-0.003	0.043	0.278	0.999
ENSMUSG00000103320	7.437	0.002	0.082	0.62	0.999
ENSMUSG00000041923	112.171	0.001	0.037	0.774	0.999
ENSMUSG00000086997	4.425	-0.009	0.149	0.319	0.999
ENSMUSG00000100929	7.675	0.005	0.13	0.567	0.999
ENSMUSG00000064225	105.164	0	0.036	0.938	0.999
ENSMUSG00000058755	18.408	-0.006	0.123	0.406	0.999
ENSMUSG00000022221	18.591	-0.003	0.093	0.612	0.999
ENSMUSG00000040118	596.849	0	0.035	0.95	0.999
ENSMUSG00000105789	3.398	0.003	0.098	0.638	0.999
ENSMUSG00000057074	9.439	0.001	0.099	0.904	0.999
ENSMUSG00000003948	337.687	0.002	0.046	0.48	0.999
ENSMUSG00000039539	6.418	0	0.059	0.911	0.999
ENSMUSG00000103255	21.049	-0.023	0.223	0.084	0.97
ENSMUSG00000102816	13.436	-0.002	0.065	0.635	0.999
ENSMUSG00000026610	33.067	0.002	0.045	0.456	0.999
ENSMUSG00000039629	127.684	0	0.04	0.961	0.999
ENSMUSG00000070336	11.852	-0.003	0.094	0.634	0.999
ENSMUSG00000103751	12.157	-0.008	0.153	0.36	0.999
ENSMUSG00000050321	126.449	-0.001	0.037	0.761	0.999
ENSMUSG00000052516	239.477	0.004	0.051	0.215	0.999
ENSMUSG00000102619	6.833	-0.016	0.206	0.189	0.999
ENSMUSG00000048142	492.733	0.001	0.034	0.779	0.999
ENSMUSG00000086356	6.804	0.002	0.079	0.656	0.999
ENSMUSG00000106004	10.539	-0.012	0.182	0.254	0.999
ENSMUSG00000082154	2.678	-0.001	0.085	0.875	0.999
ENSMUSG00000028834	9.05	0.027	0.252	0.079	0.97
ENSMUSG00000085779	14.362	0.001	0.046	0.854	0.999
ENSMUSG00000104874	16.394	-0.025	0.241	0.096	0.97
ENSMUSG00000047428	36.343	-0.004	0.071	0.271	0.999
ENSMUSG00000105717	10.776	-0.033	0.3	0.085	0.97
ENSMUSG00000024793	7.72	-0.005	0.093	0.309	0.999
ENSMUSG00000106290	10.837	-0.01	0.152	0.286	0.999
ENSMUSG00000028488	301.548	-0.003	0.042	0.386	0.999
ENSMUSG00000078129	6.132	0.003	0.07	0.512	0.999
ENSMUSG00000047904	20.521	0	0.051	0.993	0.999
ENSMUSG00000087439	4.303	-0.009	0.159	0.347	0.999
ENSMUSG00000087593	6.062	0.011	0.161	0.269	0.999
ENSMUSG00000104122	11.261	-0.082	0.489	0.031	0.841
ENSMUSG00000106943	25.791	-0.014	0.178	0.177	0.999
ENSMUSG00000055214	9.824	0.008	0.118	0.24	0.999
ENSMUSG00000092268	11.273	0.006	0.119	0.421	0.999
ENSMUSG00000037217	723.234	0.001	0.035	0.818	0.999
ENSMUSG00000028351	261.569	0.002	0.039	0.547	0.999
ENSMUSG00000081104	13.32	-0.003	0.107	0.659	0.999
ENSMUSG00000082686	6.277	-0.016	0.204	0.203	0.999
ENSMUSG00000034413	165.422	0.001	0.04	0.812	0.999
ENSMUSG00000027016	26.468	0.01	0.118	0.118	0.999
ENSMUSG00000033419	452.354	-0.001	0.038	0.761	0.999
ENSMUSG00000020808	6.274	0.008	0.133	0.31	0.999
ENSMUSG00000106646	10.726	0.001	0.067	0.822	0.999
ENSMUSG00000105826	7.257	-0.001	0.09	0.806	0.999
ENSMUSG00000032373	57.451	-0.012	0.145	0.155	0.999
ENSMUSG00000102037	37.073	-0.004	0.1	0.484	0.999
ENSMUSG00000024675	22.722	-0.008	0.121	0.238	0.999
ENSMUSG00000010592	5.791	-0.021	0.225	0.125	0.999
ENSMUSG00000039883	12.084	0.051	0.349	0.037	0.903
ENSMUSG00000103403	6.916	0.005	0.089	0.311	0.999
ENSMUSG00000097344	7.977	-0.007	0.124	0.305	0.999
ENSMUSG00000104284	12.759	0	0.047	0.889	0.999
ENSMUSG00000024172	117.803	0.002	0.04	0.475	0.999
ENSMUSG00000087349	8.09	-0.012	0.173	0.221	0.999
ENSMUSG00000033520	6.997	-0.005	0.113	0.469	0.999
ENSMUSG00000100815	18.708	-0.007	0.122	0.319	0.999
ENSMUSG00000048385	158.869	0.002	0.045	0.412	0.999
ENSMUSG00000104912	13.177	-0.001	0.091	0.933	0.999
ENSMUSG00000097381	12.065	-0.025	0.25	0.103	0.97
ENSMUSG00000050711	172.739	-0.007	0.092	0.166	0.999
ENSMUSG00000102709	3.829	0.005	0.112	0.49	0.999
ENSMUSG00000104149	4.034	-0.006	0.108	0.344	0.999
ENSMUSG00000025318	358.105	0.002	0.036	0.507	0.999
ENSMUSG00000051703	73.537	-0.005	0.061	0.177	0.999
ENSMUSG00000039419	173.173	0.001	0.037	0.727	0.999
ENSMUSG00000002489	453.115	0	0.034	0.876	0.999
ENSMUSG00000061578	223.907	-0.001	0.036	0.697	0.999
ENSMUSG00000052392	7.089	-0.023	0.23	0.091	0.97
ENSMUSG00000105224	5.103	-0.003	0.112	0.641	0.999
ENSMUSG00000041608	15.147	-0.001	0.053	0.786	0.999
ENSMUSG00000092183	9.099	0.004	0.117	0.574	0.999
ENSMUSG00000056486	1207.071	0.002	0.036	0.575	0.999
ENSMUSG00000092604	6.68	0.006	0.122	0.39	0.999
ENSMUSG00000023045	6.789	-0.007	0.137	0.368	0.999
ENSMUSG00000081854	16.793	0	0.094	0.939	0.999
ENSMUSG00000000305	125.951	-0.002	0.049	0.483	0.999
ENSMUSG00000030898	76.233	0.002	0.041	0.464	0.999
ENSMUSG00000094910	324.582	0.001	0.034	0.834	0.999
ENSMUSG00000066682	15.955	-0.005	0.108	0.438	0.999
ENSMUSG00000102938	23.152	-0.002	0.064	0.507	0.999
ENSMUSG00000103216	9.014	-0.058	0.393	0.041	0.903
ENSMUSG00000005202	12.065	-0.001	0.07	0.79	0.999
ENSMUSG00000086308	5.194	0	0.072	0.96	0.999
ENSMUSG00000091510	8.853	-0.001	0.059	0.824	0.999
ENSMUSG00000091575	19.058	-0.002	0.09	0.795	0.999
ENSMUSG00000027820	22.102	0.002	0.064	0.66	0.999
ENSMUSG00000103310	26.676	-0.002	0.059	0.511	0.999
ENSMUSG00000021057	265.589	-0.003	0.056	0.31	0.999
ENSMUSG00000083745	6.383	0.034	0.27	0.049	0.903
ENSMUSG00000042254	153.651	-0.004	0.096	0.462	0.999
ENSMUSG00000104108	13.852	-0.005	0.121	0.469	0.999
ENSMUSG00000030577	92.694	-0.001	0.076	0.91	0.999
ENSMUSG00000099170	8.183	0	0.095	0.95	0.999
ENSMUSG00000049971	34.774	0.001	0.04	0.735	0.999
ENSMUSG00000084218	13.919	-0.012	0.173	0.218	0.999
ENSMUSG00000069516	4213.741	-0.002	0.074	0.631	0.999
ENSMUSG00000000869	9.193	0	0.096	0.991	0.999
ENSMUSG00000093758	8.038	-0.008	0.139	0.369	0.999
ENSMUSG00000101452	4.506	0.003	0.097	0.641	0.999
ENSMUSG00000025739	30.563	0.027	0.219	0.051	0.903
ENSMUSG00000102895	9.666	-0.001	0.08	0.838	0.999
ENSMUSG00000026175	5.489	-0.004	0.119	0.604	0.999
ENSMUSG00000034825	98.365	-0.002	0.045	0.549	0.999
ENSMUSG00000097619	14.651	-0.001	0.088	0.82	0.999
ENSMUSG00000024846	6.16	0.005	0.087	0.347	0.999
ENSMUSG00000086820	13.679	0.005	0.103	0.431	0.999
ENSMUSG00000038576	225.967	0.001	0.042	0.664	0.999
ENSMUSG00000038663	21.122	-0.019	0.211	0.13	0.999
ENSMUSG00000025938	44.816	0	0.058	0.944	0.999
ENSMUSG00000080972	31.933	-0.014	0.168	0.149	0.999
ENSMUSG00000047515	10.147	-0.027	0.276	0.114	0.999
ENSMUSG00000052749	9.964	-0.002	0.089	0.688	0.999
ENSMUSG00000102951	12.589	-0.025	0.26	0.123	0.999
ENSMUSG00000049097	74.518	0.002	0.043	0.556	0.999
ENSMUSG00000027335	11.663	0	0.049	0.934	0.999
ENSMUSG00000074505	686.567	0.001	0.038	0.692	0.999
ENSMUSG00000091993	4.658	0.001	0.072	0.796	0.999
ENSMUSG00000029161	41.549	0	0.037	0.912	0.999
ENSMUSG00000038807	330.063	0	0.034	0.965	0.999
ENSMUSG00000082484	13.532	-0.072	0.438	0.031	0.841
ENSMUSG00000078887	57.186	0.009	0.118	0.177	0.999
ENSMUSG00000090264	10.736	-0.005	0.099	0.434	0.999
ENSMUSG00000055761	17.957	-0.013	0.134	0.095	0.97
ENSMUSG00000053550	288.205	0	0.034	0.858	0.999
ENSMUSG00000092182	4.364	-0.004	0.117	0.548	0.999
ENSMUSG00000101587	15.231	-0.004	0.103	0.537	0.999
ENSMUSG00000104705	6.212	-0.002	0.096	0.76	0.999
ENSMUSG00000106121	8.955	0.001	0.076	0.838	0.999
ENSMUSG00000042800	7.279	-0.01	0.153	0.276	0.999
ENSMUSG00000107306	4.067	0.005	0.103	0.374	0.999
ENSMUSG00000106773	3.783	0.001	0.085	0.792	0.999
ENSMUSG00000025372	424.626	0	0.035	0.912	0.999
ENSMUSG00000102994	13.474	-0.007	0.125	0.326	0.999
ENSMUSG00000026715	25.354	-0.006	0.116	0.412	0.999
ENSMUSG00000000308	172.52	0	0.036	0.879	0.999
ENSMUSG00000099703	6.1	0.009	0.132	0.236	0.999
ENSMUSG00000039860	71.176	0.003	0.048	0.383	0.999
ENSMUSG00000056656	6.157	0.005	0.099	0.335	0.999
ENSMUSG00000062184	72.079	0.001	0.042	0.679	0.999
ENSMUSG00000043289	6.77	-0.003	0.101	0.581	0.999
ENSMUSG00000014030	14.663	-0.01	0.153	0.267	0.999
ENSMUSG00000032561	46.046	0	0.066	0.942	0.999
ENSMUSG00000051456	5.467	-0.004	0.101	0.571	0.999
ENSMUSG00000021534	8.138	0.002	0.062	0.519	0.999
ENSMUSG00000087326	10.274	-0.003	0.099	0.602	0.999
ENSMUSG00000102449	7.603	-0.007	0.13	0.344	0.999
ENSMUSG00000068396	6.425	-0.002	0.104	0.821	0.999
ENSMUSG00000097997	17.356	-0.004	0.096	0.522	0.999
ENSMUSG00000042282	92.094	0.039	0.323	0.067	0.967
ENSMUSG00000002997	124.117	0.003	0.044	0.377	0.999
ENSMUSG00000021071	548.89	0.001	0.035	0.661	0.999
ENSMUSG00000091154	12.401	0.002	0.082	0.741	0.999
ENSMUSG00000032726	8.579	-0.009	0.152	0.293	0.999
ENSMUSG00000023216	8.655	0	0.075	0.934	0.999
ENSMUSG00000023047	7.065	0	0.087	0.996	0.999
ENSMUSG00000035385	122.358	0.002	0.098	0.687	0.999
ENSMUSG00000035963	4.329	-0.001	0.084	0.906	0.999
ENSMUSG00000087050	14.242	0.001	0.064	0.745	0.999
ENSMUSG00000073486	8.936	0.804	1.592	0.002	0.311
ENSMUSG00000016349	1026.776	0	0.035	0.898	0.999
ENSMUSG00000063446	27.502	0	0.043	0.858	0.999
ENSMUSG00000097265	16.339	0.003	0.058	0.444	0.999
ENSMUSG00000037982	7.096	-0.001	0.063	0.897	0.999
ENSMUSG00000042671	86.707	0.001	0.039	0.712	0.999
ENSMUSG00000103192	78.154	-0.003	0.089	0.537	0.999
ENSMUSG00000090546	1699.723	0.004	0.055	0.24	0.999
ENSMUSG00000034187	1409.997	-0.002	0.04	0.57	0.999
ENSMUSG00000035373	68.643	-0.002	0.083	0.719	0.999
ENSMUSG00000105846	5.541	-0.001	0.089	0.926	0.999
ENSMUSG00000046449	115.408	-0.003	0.046	0.346	0.999
ENSMUSG00000034427	5.754	-0.005	0.116	0.46	0.999
ENSMUSG00000096870	77.002	-0.006	0.108	0.35	0.999
ENSMUSG00000031253	14.467	-0.005	0.102	0.435	0.999
ENSMUSG00000047490	13.032	-0.002	0.075	0.745	0.999
ENSMUSG00000073067	10.19	-0.004	0.088	0.424	0.999
ENSMUSG00000022041	6.322	0.001	0.069	0.812	0.999
ENSMUSG00000093436	10.934	-0.032	0.284	0.075	0.97
ENSMUSG00000105553	8.689	-0.004	0.104	0.474	0.999
ENSMUSG00000086544	14.137	-0.006	0.097	0.224	0.999
ENSMUSG00000089901	13.571	0.008	0.157	0.406	0.999
ENSMUSG00000029765	547.919	-0.001	0.034	0.767	0.999
ENSMUSG00000097451	786.736	-0.004	0.05	0.225	0.999
ENSMUSG00000043439	98.016	0.002	0.051	0.465	0.999
ENSMUSG00000054450	11.802	0.014	0.185	0.2	0.999
ENSMUSG00000020963	27.504	0.001	0.088	0.93	0.999
ENSMUSG00000032297	33.841	-0.004	0.07	0.311	0.999
ENSMUSG00000028758	40.168	0	0.045	0.878	0.999
ENSMUSG00000024274	7.765	0.05	0.391	0.065	0.961
ENSMUSG00000090706	4.973	-0.002	0.094	0.789	0.999
ENSMUSG00000091387	18.407	0.003	0.057	0.383	0.999
ENSMUSG00000093536	13.629	-0.003	0.062	0.437	0.999
ENSMUSG00000022479	32.842	-0.001	0.081	0.92	0.999
ENSMUSG00000025170	67.694	0	0.038	0.939	0.999
ENSMUSG00000104272	8.167	0.002	0.064	0.526	0.999
ENSMUSG00000063430	201.696	0.005	0.056	0.169	0.999
ENSMUSG00000105676	7.709	0.037	0.333	0.091	0.97
ENSMUSG00000106291	6.76	0.001	0.071	0.89	0.999
ENSMUSG00000086826	23.705	0	0.091	0.995	0.999
ENSMUSG00000097305	10.411	-0.003	0.074	0.55	0.999
ENSMUSG00000097636	5.885	0.002	0.076	0.651	0.999
ENSMUSG00000098322	12.32	-0.002	0.093	0.68	0.999
ENSMUSG00000085925	116.602	-0.009	0.096	0.105	0.97
ENSMUSG00000041773	1312.248	-0.003	0.047	0.343	0.999
ENSMUSG00000047798	78.755	-0.002	0.077	0.609	0.999
ENSMUSG00000052616	3.53	0	0.08	0.956	0.999
ENSMUSG00000091556	3.559	0.003	0.092	0.659	0.999
ENSMUSG00000103560	81.647	-0.091	0.48	0.02	0.746
ENSMUSG00000102827	8.811	-0.001	0.097	0.817	0.999
ENSMUSG00000010311	9.509	-0.006	0.115	0.381	0.999
ENSMUSG00000002341	732.455	0.001	0.034	0.765	0.999
ENSMUSG00000092325	8.015	-0.009	0.139	0.291	0.999
ENSMUSG00000051323	187.642	-0.025	0.155	0.02	0.746
ENSMUSG00000038239	9.173	-0.002	0.086	0.646	0.999
ENSMUSG00000033676	565.09	0.003	0.047	0.366	0.999
ENSMUSG00000090778	9.806	-0.017	0.207	0.165	0.999
ENSMUSG00000040728	11.446	0.001	0.092	0.911	0.999
ENSMUSG00000097430	7.148	0.007	0.103	0.231	0.999
ENSMUSG00000021211	12.462	-0.023	0.239	0.114	0.999
ENSMUSG00000080796	6.868	-0.007	0.132	0.4	0.999
ENSMUSG00000022296	29.461	0.003	0.051	0.354	0.999
ENSMUSG00000007480	8.135	-0.003	0.102	0.654	0.999
ENSMUSG00000097523	7.393	0.001	0.081	0.799	0.999
ENSMUSG00000013928	9.838	0.001	0.106	0.853	0.999
ENSMUSG00000087644	18.126	-0.001	0.054	0.802	0.999
ENSMUSG00000055972	10.359	-0.005	0.109	0.386	0.999
ENSMUSG00000019888	37.467	0	0.037	0.983	0.999
ENSMUSG00000102607	9.036	-0.002	0.087	0.764	0.999
ENSMUSG00000087700	4.883	-0.002	0.105	0.746	0.999
ENSMUSG00000050138	18.599	0.008	0.122	0.211	0.999
ENSMUSG00000107216	6.663	-0.001	0.086	0.882	0.999
ENSMUSG00000027606	6.839	0.006	0.116	0.348	0.999
ENSMUSG00000030270	20.272	-0.008	0.108	0.165	0.999
ENSMUSG00000030092	58.584	-0.002	0.047	0.531	0.999
ENSMUSG00000061577	10.32	-0.007	0.122	0.359	0.999
ENSMUSG00000086385	6.592	-0.014	0.193	0.221	0.999
ENSMUSG00000028584	38.728	0.018	0.178	0.086	0.97
ENSMUSG00000086933	18.493	-0.033	0.284	0.068	0.967
ENSMUSG00000091922	14.67	-0.003	0.108	0.677	0.999
ENSMUSG00000098620	19.908	-0.008	0.137	0.333	0.999
ENSMUSG00000075416	18.3	-0.009	0.141	0.299	0.999
ENSMUSG00000005583	983.837	0	0.035	0.932	0.999
ENSMUSG00000090001	5.218	-0.012	0.182	0.261	0.999
ENSMUSG00000097162	4.578	-0.004	0.109	0.57	0.999
ENSMUSG00000040856	73.89	-0.005	0.095	0.386	0.999
ENSMUSG00000040420	43.664	-0.001	0.049	0.828	0.999
ENSMUSG00000023043	23.249	0.061	0.422	0.044	0.903
ENSMUSG00000093402	8.438	0.056	0.409	0.054	0.904
ENSMUSG00000015852	366.315	-0.003	0.079	0.515	0.999
ENSMUSG00000006457	4.105	-0.001	0.081	0.872	0.999
ENSMUSG00000074052	6.207	-0.012	0.177	0.256	0.999
ENSMUSG00000091730	16.55	-0.032	0.281	0.074	0.97
ENSMUSG00000087606	19.207	-0.004	0.109	0.551	0.999
ENSMUSG00000038704	20.67	0	0.088	0.939	0.999
ENSMUSG00000105966	25.494	-0.015	0.183	0.167	0.999
ENSMUSG00000043635	38.708	-0.002	0.051	0.535	0.999
ENSMUSG00000059742	277.037	0.002	0.037	0.494	0.999
ENSMUSG00000066438	10.224	-0.001	0.059	0.786	0.999
ENSMUSG00000019982	8.203	0.008	0.129	0.271	0.999
ENSMUSG00000081238	7.702	-0.022	0.235	0.117	0.999
ENSMUSG00000036196	13.467	-0.004	0.092	0.519	0.999
ENSMUSG00000087012	8.534	-0.065	0.436	0.041	0.903
ENSMUSG00000058046	8.128	0.001	0.075	0.779	0.999
ENSMUSG00000035262	9.966	0	0.062	0.972	0.999
ENSMUSG00000068259	6.419	-0.004	0.107	0.577	0.999
ENSMUSG00000026611	24.844	-0.011	0.154	0.206	0.999
ENSMUSG00000097429	11.019	-0.005	0.115	0.469	0.999
ENSMUSG00000101191	6.022	-0.008	0.14	0.314	0.999
ENSMUSG00000081249	4.678	0.001	0.075	0.848	0.999
ENSMUSG00000092051	14.963	-0.01	0.143	0.242	0.999
ENSMUSG00000078922	639.086	0.028	0.265	0.085	0.97
ENSMUSG00000026697	547.144	0.001	0.061	0.704	0.999
ENSMUSG00000061576	370.045	0	0.036	0.893	0.999
ENSMUSG00000095651	16.556	0.001	0.07	0.736	0.999
ENSMUSG00000030653	543.335	0	0.033	0.882	0.999
ENSMUSG00000050520	13.147	-0.011	0.164	0.266	0.999
ENSMUSG00000086121	4.149	0.002	0.08	0.714	0.999
ENSMUSG00000027456	14.015	-0.005	0.113	0.484	0.999
ENSMUSG00000102651	23.782	-0.014	0.176	0.164	0.999
ENSMUSG00000097053	10.49	-0.003	0.091	0.616	0.999
ENSMUSG00000022422	7.312	0.009	0.165	0.353	0.999
ENSMUSG00000062794	12.326	-0.001	0.049	0.815	0.999
ENSMUSG00000037759	12.716	-0.003	0.094	0.61	0.999
ENSMUSG00000053830	12.203	-0.007	0.133	0.415	0.999
ENSMUSG00000057924	12.625	-0.002	0.092	0.705	0.999
ENSMUSG00000020609	5.641	-0.001	0.097	0.936	0.999
ENSMUSG00000085788	11.602	-0.005	0.119	0.481	0.999
ENSMUSG00000087481	10.913	0.048	0.363	0.055	0.904
ENSMUSG00000074345	32.19	0.002	0.045	0.431	0.999
ENSMUSG00000084897	18.681	0.005	0.104	0.464	0.999
ENSMUSG00000091570	14.174	-0.008	0.131	0.27	0.999
ENSMUSG00000106490	93.395	-0.009	0.139	0.283	0.999
ENSMUSG00000081798	15.18	-0.011	0.16	0.228	0.999
ENSMUSG00000070687	11.024	0.003	0.073	0.43	0.999
ENSMUSG00000085110	15.409	-0.005	0.11	0.494	0.999
ENSMUSG00000021719	494.062	0	0.035	0.889	0.999
ENSMUSG00000054622	11.206	-0.003	0.093	0.544	0.999
ENSMUSG00000102243	13.546	-0.002	0.085	0.751	0.999
ENSMUSG00000091530	4.698	-0.004	0.111	0.56	0.999
ENSMUSG00000105906	64.403	0.041	0.353	0.084	0.97
ENSMUSG00000024521	38.551	-0.004	0.093	0.466	0.999
ENSMUSG00000025473	77.528	-0.02	0.206	0.102	0.97
ENSMUSG00000092448	4.747	-0.005	0.1	0.424	0.999
ENSMUSG00000033730	59.847	0.001	0.048	0.728	0.999
ENSMUSG00000029752	141.073	-0.002	0.043	0.578	0.999
ENSMUSG00000104540	17.7	-0.024	0.246	0.113	0.999
ENSMUSG00000101304	5.966	-0.001	0.095	0.912	0.999
ENSMUSG00000055456	4.75	0.007	0.139	0.371	0.999
ENSMUSG00000033847	16.923	0.014	0.161	0.118	0.999
ENSMUSG00000056888	48.812	0	0.078	0.994	0.999
ENSMUSG00000068154	48.221	0.001	0.05	0.763	0.999
ENSMUSG00000038152	10.094	-0.002	0.083	0.698	0.999
ENSMUSG00000031257	12.888	0.005	0.106	0.414	0.999
ENSMUSG00000078502	39.732	-0.002	0.08	0.732	0.999
ENSMUSG00000046442	676.163	0	0.037	0.947	0.999
ENSMUSG00000021701	353.967	0	0.036	0.993	0.999
ENSMUSG00000081978	17.986	-0.014	0.176	0.166	0.999
ENSMUSG00000093540	35.848	-0.012	0.162	0.183	0.999
ENSMUSG00000036151	8.034	-0.01	0.16	0.27	0.999
